Name,Brief Description,Proximity,Street Address,City,State,Zip Code,Phone Number,Web Site,Hours of Operation,Intake,Fee,Features,Detailed Description,Eligibility,Application Procedure,Required Documents,Age Restriction,Languages
"115th Street Library","Manhattan branch of the New York Public Library system.","","203 West 115th Street","NEW YORK","NY","10026","(212) 666-9393","http://www.nypl.org","Mon: 12:00 PM - 7:00 PM; Tue: 11:00 AM - 6:00 PM; Wed: 12:00 PM - 7:00 PM; Thu: 11:00 AM - 6:00 PM; Fri - Sat: 10:00 AM - 5:00 PM","","","Early Childhood Discussions, English Classes","","","","","",""
"125th Street Library","Manhattan branch of the New York Public Library system.","","224 East 125th Street","NEW YORK","NY","10035","(212) 534-5050","http://www.nypl.org","Mon: 11:00 AM - 6:00 PM; Tue: 12:00 PM - 7:00 PM; Wed: 11:00 AM - 6:00 PM; Thu: 12:00 PM - 7:00 PM; Fri - Sat: 10:00 AM - 5:00 PM","","","Early Childhood Discussions, English Classes","","","","","",""
"58th Street Library","Manhattan branch of the New York Public Library system.","","127 East 58th Street","NEW YORK","NY","10022","(212) 759-7358","http://www.nypl.org","Mon: 11:00 AM - 7:00 PM; Tue: 10:00 AM - 6:00 PM; Wed: 11:00 AM - 7:00 PM; Thu: 10:00 AM - 6:00 PM; Fri: 10:00 AM - 5:00 PM; Sat: 10:00 AM - 5:00 PM","","","Computers, Senior Programs","","","","","",""
"67th Street Library","Manhattan branch of the New York Public Library system.","","328 East 67th Street","NEW YORK","NY","10065","(212) 734-1717","http://www.nypl.org","Mon: 11:00 AM - 6:00 PM; Tue: 12:00 PM - 7:00 PM; Wed: 11:00 AM - 6:00 PM; Thu: 12:00 PM - 7:00 PM; Fri: 10:00 AM - 5:00 PM; Sat: 10:00 AM - 5:00 PM","","","Adult Literacy, Early Childhood Discussions, Senior Programs","","","","","",""
"96th Street Library","Manhattan branch of the New York Public Library system.","","112 East 96th Street","NEW YORK","NY","10128","(212) 289-0908","http://www.nypl.org","Mon - Thu: 10:00 AM - 7:00 PM; Fri - Sat: 10:00 AM - 5:00 PM","","","Computers, Early Childhood Discussions, Poetry Readings, Senior Programs","","","","","",""
"Adult Learning Center Library","The Queens Library Adult Learner Program has six Adult Learning Centers and about 50 English classes each semester to serve the borough.","","91-14 Merrick Boulevard","JAMAICA","NY","11432","(718) 480-4222","http://www.queenslibrary.org","Mon: 10:00 AM - 8:30 PM; Tue: 1:00 PM - 8:30 PM; Wed - Thu: 10:00 AM - 8:30 PM; Fri: 1:00 PM - 5:30 PM; Sat: 10:00 AM - 1:00 PM, 2:00 PM - 5:00 PM","","","Adult Literacy, Computers, English Classes","","","","","",""
"Aguilar Center for Reading and Writing Library","Manhattan branch of the New York Public Library system.","","174 East 110th Street","NEW YORK","NY","10029","(212) 534-1613","http://www.nypl.org","Mon: 1:00 PM - 6:00 PM; Tue: 12:00 PM - 6:00 PM; Wed: 1:00 PM - 6:00 PM; Thu: 12:00 PM - 6:00 PM; Sat: 1:00 PM - 5:00 PM","","","Adult Literacy, Computers","","","","","",""
"Aguilar Library","Manhattan branch of the New York Public Library system.","","174 East 110th Street","NEW YORK","NY","10029","(212) 534-2930","http://www.nypl.org","Mon: 11:00 AM - 6:00 PM; Tue: 11:00 AM - 7:00 PM; Wed: 11:00 AM - 6:00 PM; Thu: 11:00 AM - 7:00 PM; Fri - Sat: 10:00 AM - 5:00 PM","","","Adult Literacy, Computers, Early Childhood Discussions","","","","","",""
"Allerton Library","Bronx branch of the New York Public Library system.","","2740 Barnes Avenue","BRONX","NY","10467","(718) 881-4240","http://www.nypl.org","Mon - Thu: 10:00 AM - 7:00 PM; Fri - Sat: 10:00 AM - 5:00 PM","","","Early Childhood Discussions, Senior Programs","","","","","",""
"Andrew Heiskell Braille and Talking Book Library","Manhattan - central branch of the New York Public Library system.","","40 West 20th Street","NEW YORK","NY","10011","(212) 206-5400","http://www.nypl.org","Mon: 10:00 AM - 5:00 PM; Tue: 12:00 PM - 7:00 PM; Wed: 10:00 AM - 5:00 PM; Thu: 12:00 PM - 7:00 PM; Fri - Sat: 10:00 AM - 5:00 PM","","","Computers, Early Childhood Discussions, Senior Programs","","","","","",""
"Arlington Library","Arlington branch of the Brooklyn Public Library system.","","203 Arlington Avenue","BROOKLYN","NY","11207","(718) 277-6105","http://www.brooklynpubliclibrary.org","Mon - Tue: 10:00 AM - 6:00 PM; Wed: 1:00 PM - 8:00 PM; Thu: 10:00 AM - 8:00 PM; Fri: 10:00 AM - 6:00 PM; Sat: 10:00 AM - 5:00 PM","","","Adult Literacy, Computers","","","","","",""
"Arverne Library","The Queens Public Library provides all residents of Queens with access to books, research, and other materials and programs. ","","312 Beach 54 Street","ARVERNE","NY","11692","(718) 634-4784","http://www.queenslibrary.org","Mon: 12:00 PM - 8:00 PM; Tue: 1:00 PM - 6:00 PM; Wed: 10:00 AM - 6:00 PM; Thu: 12:00 PM - 8:00 PM; Fri: 10:00 AM - 6:00 PM; Sat: 10:00 AM - 5:00 PM","","","Computers, Early Childhood Discussions, English Classes, Poetry Readings, Senior Programs","","","","","",""
"Astoria Library","The Queens Public Library provides all residents of Queens with access to books, research, and other materials and programs.","","14-01 Astoria Boulevard","ASTORIA","NY","11102","(718) 278-2220","http://www.queenslibrary.org","Mon: 12:00 PM - 8:00 PM; Tue: 1:00 PM - 6:00 PM; Wed: 10:00 AM - 6:00 PM; Thu: 12:00 PM - 8:00 PM; Fri: 10:00 AM - 6:00 PM; Sat: 10:00 AM - 5:00 PM","","","Computers, Early Childhood Discussions, English Classes, Poetry Readings, Senior Programs","","","","","",""
"Auburndale Library","The Queens Public Library provides all residents of Queens with access to books, research, and other materials and programs. ","","25-55 Francis Lewis Boulevard","FLUSHING","NY","11358","(718) 352-2027","http://www.queenslibrary.org","Mon: 12:00 PM - 8:00 PM; Tue: 1:00 PM - 6:00 PM; Wed: 10:00 AM - 6:00 PM; Thu: 1:00 PM - 8:00 PM; Fri: 10:00 AM - 6:00 PM; Sat: 10:00 AM - 5:00 PM","","","Computers, Early Childhood Discussions, English Classes, Poetry Readings, Senior Programs","","","","","",""
"Baisley Park Library","The Queens Public Library provides all residents of Queens with access to books, research, and other materials and programs.","","117-11 Sutphin Boulevard","JAMAICA","NY","11436","(718) 529-1590","http://www.queenslibrary.org","Mon: 12:00 PM - 8:00 PM; Tue: 1:00 PM - 6:00 PM; Wed: 10:00 AM - 6:00 PM; Thu: 12:00 PM - 8:00 PM; Fri: 10:00 AM - 6:00 PM; Sat: 10:00 AM - 5:00 PM","","","Computers, Early Childhood Discussions, English Classes, Poetry Readings, Senior Programs","","","","","",""
"Battery Park Library","Manhattan branch of the New York Public Library system.","","175 North End Avenue","NEW YORK","NY","10282","(212) 790-3499","http://www.nypl.org","Mon: 10:00 AM - 6:00 PM; Tue: 12:00 AM - 8:00 PM; Wed: 10:00 AM - 6:00 PM; Thu: 12:00 PM - 8:00 PM; Fri - Sat: 10:00 AM - 5:00 PM","","","","","","","","",""
"Bay Ridge Library","Bay Ridge branch of the Brooklyn Public Library system.","","7223 Ridge Boulevard","BROOKLYN","NY","11209","(718) 748-5709","http://www.brooklynpubliclibrary.org","Mon - Tue: 10:00 AM - 6:00 PM; Wed: 10:00 AM - 8:00 PM; Thu: 1:00 PM - 8:00 PM; Fri: 10:00 AM - 6:00 PM; Sat: 10:00 AM - 5:00 PM","","","Computers","","","","","",""
"Bay Terrace Library","The Queens Public Library provides all residents of Queens with access to books, research, and other materials and programs.","","18-36 Bell Boulevard","BAYSIDE","NY","11360","(718) 423-7004","http://www.queenslibrary.org","Mon: 12:00 PM - 8:00 PM; Tue: 1:00 PM - 6:00 PM; Wed: 10:00 AM - 6:00 PM; Thu: 12:00 PM - 8:00 PM; Fri: 10:00 AM - 6:00 PM; Sat: 10:00 AM - 5:00 PM","","","Computers, Early Childhood Discussions, English Classes, Poetry Readings, Senior Programs","","","","","",""
"Baychester Library","Bronx branch of the New York Public Library system.","","2049 Asch Loop North","BRONX","NY","10475","(718) 379-6700","http://www.nypl.org","Mon - Thu: 10:00 AM - 7:00 PM; Fri - Sat: 10:00 AM - 5:00 PM","","","Computers, Early Childhood Discussions, Senior Programs","","","","","",""
"Bayside Library","The Queens Public Library provides all residents of Queens with access to books, research, and other materials and programs.","","214-20 Northern Boulevard","BAYSIDE","NY","11361","(718) 229-1834","http://www.queenslibrary.org","Mon: 9:00 AM - 8:00 PM; Tue: 1:00 PM - 6:00 PM; Wed: 10:00 AM - 6:00 PM; Thu: 12:00 PM - 8:00 PM; Fri: 10:00 AM - 6:00 PM; Sat: 10:00 AM - 5:00 PM","","","Computers, Early Childhood Discussions, English Classes, Poetry Readings, Senior Programs","","","","","",""
"Bedford Learning Center Library","Bedford Learning Center branch of the Brooklyn Public Library system.","","496 Franklin Avenue","BROOKLYN","NY","11238","(718) 623-2134","http://www.brooklynpubliclibrary.org","Mon: 1:00 PM - 8:00 PM; Tue: 10:00 AM - 5:00 PM; Wed: 1:00 PM - 8:00 PM; Thu: 10:00 AM - 5:00 PM; Sat: 10:00 AM - 2:00 PM","","","Computers","","","","","",""
"Bedford Library","Bedford branch of the Brooklyn Public Library system. ","","496 Franklin Avenue","BROOKLYN","NY","11238","(718) 623-0012","http://www.brooklynpubliclibrary.org","Mon - Tue: 10:00 AM - 6:00 PM; Wed: 1:00 PM - 8:00 PM; Thu: 10:00 AM - 8:00 PM; Fri: 10:00 AM - 6:00 PM; Sat: 10:00 AM - 5:00 PM","","","Adult Literacy, Computers","","","","","",""
"Bellerose Library","The Queens Public Library provides all residents of Queens with access to books, research, and other materials and programs.","","250-06 Hillside Avenue","BELLEROSE","NY","11426","(718) 831-8644","http://www.queenslibrary.org","Mon: 12:00 PM - 8:00 PM; Tue: 1:00 PM - 6:00 PM; Wed: 10:00 AM - 6:00 PM; Thu: 12:00 PM - 8:00 PM; Fri: 10:00 AM - 6:00 PM; Sat: 10:00 AM - 5:00 PM","","","Computers, Early Childhood Discussions, English Classes, Poetry Readings, Senior Programs","","","","","",""
"Belmont Library","Bronx branch of the New York Public Library system.","","610 East 186th Street","BRONX","NY","10458","(718) 933-6410","http://www.nypl.org","Mon - Thu: 10:00 AM - 7:00 PM; Fri - Sat: 10:00 AM - 5:00 PM","","","Early Childhood Discussions, English Classes, Senior Programs","","","","","",""
"Bloomingdale Library","Manhattan branch of the New York Public Library system.","","150 West 100th Street","NEW YORK","NY","10025","(212) 222-8030","http://www.nypl.org","Mon - Tue: 10:00 AM - 6:00 PM; Wed - Thu: 12:00 PM - 7:00 PM; Fri - Sat: 10:00 AM - 5:00 PM","","","Early Childhood Discussions, Poetry Readings, Senior Programs","","","","","",""
"Borough Park Library","Borough Park branch of the Brooklyn Public Library system.","","1265 43rd Street","BROOKLYN","NY","11219","(718) 437-4085","http://www.brooklynpubliclibrary.org","Mon: 10:00 AM - 6:00 PM; Tue: 10:00 AM - 8:00 PM; Wed: 10:00 AM - 6:00 PM; Thu: 10:00 AM - 8:00 PM; Fri: 10:00 AM - 6:00 PM; Sun: 1:00 PM - 5:00 PM","","","Adult Literacy, Computers, Early Childhood Discussions","","","","","",""
"Briarwood Library","The Queens Public Library provides all residents of Queens with access to books, research, and other materials and programs.","","85-12 Main Street","JAMAICA","NY","11435","(718) 658-1680","http://www.queenslibrary.org","Mon: 12:00 PM - 8:00 PM; Tue: 1:00 PM - 6:00 PM; Wed: 10:00 AM - 6:00 PM; Thu: 12:00 PM - 8:00 PM; Fri: 10:00 AM - 6:00 PM; Sat: 10:00 AM - 5:00 PM","","","Computers, Early Childhood Discussions, English Classes, Poetry Readings, Senior Programs","","","","","",""
"Brighton Beach Library","Brighton Beach branch of the Brooklyn Public Library system. ","","16 Brighton 1st Road","BROOKLYN","NY","11235","(718) 946-2917","http://www.brooklynpubliclibrary.org","Mon: 10:00 AM - 6:00 PM; Tue: 10:00 AM - 8:00 PM; Wed - Thu: 10:00 AM - 8:00 PM; Fri: 10:00 AM - 6:00 PM; Sat: 10:00 AM - 5:00 PM","","","Adult Literacy, Computers, Early Childhood Discussions","","","","","",""
"Broad Channel Library","The Queens Public Library provides all residents of Queens with access to books, research, and other materials and programs.","","16-26 Cross Bay Boulevard","FAR ROCKAWAY","NY","11693","(718) 318-4943","http://www.queenslibrary.org","Mon: 12:00 PM - 8:00 PM; Tue: 1:00 PM - 6:00 PM; Wed: 10:00 AM - 6:00 PM; Thu: 12:00 PM - 8:00 PM; Fri: 10:00 AM - 6:00 PM; Sat: 10:00 AM - 5:00 PM","","","Computers, Early Childhood Discussions, English Classes, Poetry Readings, Senior Programs","","","","","",""
"Broadway Library","The Queens Public Library provides all residents of Queens with access to books, research, and other materials and programs.","","40-20 Broadway","ASTORIA","NY","11103","(718) 721-2462","http://www.queenslibrary.org","Mon: 9:00 AM - 8:00 PM; Tue: 1:00 PM - 6:00 PM; Wed: 10:00 AM - 6:00 PM; Thu: 12:00 PM - 8:00 PM; Fri: 10:00 AM - 6:00 PM; Sat: 10:00 AM - 5:00 PM","","","Computers, Early Childhood Discussions, English Classes, Poetry Readings, Senior Programs","","","","","",""
"Bronx Library Center","Bronx branch of the New York Public Library. ","","310 East Kingsbridge Road","BRONX","NY","10458","(718) 579-4244","http://www.nypl.org","Mon - Sat: 9:00 AM - 9:00 PM; Sun: 12:00 PM - 6:00 PM","","","Computers, English Classes","","","","","",""
"Brooklyn Heights Library","Brooklyn Heights branch of the Brooklyn Public Library system.","","280 Cadman Plaza West","BROOKLYN","NY","11201","(718) 623-7100","http://www.brooklynpubliclibrary.org","Mon: 10:00 AM - 6:00 PM; Tue - Wed: 10:00 AM - 8:00 PM; Thu: 10:00 AM - 8:00 PM; Fri: 10:00 AM - 6:00 PM; Sat: 10:00 AM - 5:00 PM","","","Computers","","","","","",""
"Brower Park Library","Brower Park branch of the Brooklyn Public Library system.","","725 Saint Marks Avenue","BROOKLYN","NY","11216","(718) 773-7208","http://www.brooklynpubliclibrary.org","Mon - Tue: 10:00 AM - 6:00 PM; Wed: 10:00 AM - 8:00 PM; Thu: 1:00 PM - 8:00 PM; Fri: 10:00 AM - 6:00 PM; Sat: 10:00 AM - 5:00 PM","","","Computers","","","","","",""
"Brownsville Library","Brownsville branch of the Brooklyn Public Library system.","","61 Glenmore Avenue","BROOKLYN","NY","11212","(718) 498-9721","http://www.brooklynpubliclibrary.org","Mon: 10:00 AM - 6:00 PM; Tue: 1:00 PM - 8:00 PM; Wed: 10:00 AM - 8:00 PM; Thu - Fri: 10:00 AM - 6:00 PM; Sat: 10:00 AM - 5:00 PM","","","Computers","","","","","",""
"Bushwick Library","Bushwick branch of the Brooklyn Public Library system.","","340 Bushwick Avenue","BROOKLYN","NY","11206","(718) 602-1348","http://www.brooklynpubliclibrary.org","Mon - Tue: 10:00 AM - 6:00 PM; Wed; 10:00 AM - 8:00 PM; Thu: 1:00 PM - 8:00 PM; Fri: 10:00 AM - 6:00 PM; Sat: 10:00 AM - 5:00 PM","","","Computers","","","","","",""
"Business Library - Brooklyn Public Library","Business Library branch of the Brooklyn Public Library system.","","280 Cadman Plaza West","BROOKLYN","NY","11201","(718) 623-7000","http://www.brooklynpubliclibrary.org","Mon: 10:00 AM - 6:00 PM; Tue - Thu: 10:00 AM - 8:00 PM; Fri: 10:00 AM - 6:00 PM; Sat: 10:00 AM - 5:00 PM","","","","","","","","",""
"Cambria Heights Library","The Queens Public Library provides all residents of Queens with access to books, research, and other materials and programs.","","218-13 Linden Boulevard","CAMBRIA HEIGHTS","NY","11411","(718) 528-3535","http://www.queenslibrary.org","Mon: 9:00 AM - 8:00 PM; Tue: 1:00 PM - 6:00 PM; Wed: 10:00 AM - 6:00 PM; Thu: 12:00 PM - 8:00 PM; Fri: 10:00 AM - 6:00 PM; Sat: 10:00 AM - 5:00 PM","","","Computers, Early Childhood Discussions, English Classes, Poetry Readings, Senior Programs","","","","","",""
"Canarsie Library","Canarsie branch of the Brooklyn Public Library system.","","1580 Rockaway Parkway","BROOKLYN","NY","11236","(718) 257-6547","http://www.brooklynpubliclibrary.org","Mon: 10:00 AM - 6:00 PM; Tue -Thu: 10:00 AM - 6:00 PM; Fri: 10:00 AM - 6:00 PM; Sat: 10:00 AM - 5:00 PM","","","Computers","","","","","",""
"Carroll Gardens Library","Carroll Gardens branch of the Brooklyn Public Library system.","","396 Clinton Street","BROOKLYN","NY","11231","(718) 596-6972","http://www.brooklynpubliclibrary.org","Mon: 10:00 AM - 6:00 PM; Tue: 10:00 AM - 8:00 PM; Wed: 1:00 PM - 8:00 PM; Thu - Fri: 10:00 PM - 6:00 PM; Sat: 10:00 AM - 5:00 PM","","","Computers, Early Childhood Discussions","","","","","",""
"Castle Hill Library","Bronx branch of the New York Public Library system.","","947 Castle Hill Avenue","BRONX","NY","10473","(718) 824-3838","http://www.nypl.org","Mon - Thu: 10:00 AM - 7:00 PM; Fri - Sat: 10:00 AM - 5:00 PM","","","Computers, Early Childhood Discussions, Senior Programs","","","","","",""
"Chatham Square Library","Manhattan branch of the New York Public Library system.","","33 East Broadway","NEW YORK","NY","10002","(212) 964-6598","http://www.nypl.org","Mon - Thu: 10:00 AM - 7:00 PM; Fri - Sat: 10:00 AM - 5:00 PM","","","Computers, Early Childhood Discussions, English Classes, Poetry Readings, Senior Programs","","","","","",""
"City Island Library","Bronx branch of the New York Public Library system.","","320 City Island Avenue","BRONX","NY","10464","(718) 885-1703","http://www.nypl.org","Mon: 11:00 AM - 7:00 PM; Tue - Wed: 11:00 AM - 6:00 PM; Thu: 11:00 AM - 7:00 PM; Fri - Sat: 10:00 AM - 5:00 PM","","","Early Childhood Discussions","","","","","",""
"Clarendon Library","Clarendon branch of the Brooklyn Public Library system.","","2035 Nostrand Avenue","BROOKLYN","NY","11210","(718) 421-1159","http://www.brooklynpubliclibrary.org","Mon: 10:00 AM - 6:00 PM; Tue: 1:00 PM - 8:00 PM; Wed: 10:00 AM - 6:00 PM; Thu: 10:00 AM - 6:00 PM; Fri: 10:00 AM - 6:00 PM; Sat: 10:00 AM - 5:00 PM","","","Computers","","","","","",""
"Clason's Point Library","Bronx branch of the New York Public Library system. ","","1215 Morrison Avenue","BRONX","NY","10472","(718) 842-1235","http://www.nypl.org","Mon - Thu: 10:00 AM - 7:00 PM; Fri - Sat: 10:00 AM - 5:00 PM","","","Early Childhood Discussions","","","","","",""
"Clinton Hill Library","Clinton Hill branch of the Brooklyn Public Library system.","","380 Washington Avenue","BROOKLYN","NY","11238","(718) 398-8713","http://www.brooklynpubliclibrary.org","Mon: 10:00 AM - 6:00 PM; Tue: 10:00 AM - 8:00 PM; Wed: 1:00 PM - 8:00 PM; Thu - Fri: 10:00 AM - 6:00 PM; Sat: 10:00 AM - 5:00 PM","","","Computers, Early Childhood Discussions","","","","","",""
"Columbus Library","Manhattan branch of the New York Public Library system. ","","742 10th Avenue","NEW YORK","NY","10019","(212) 586-5098","http://www.nypl.org","Mon: 11:00 AM - 8:00 PM; Tue: 11:00 AM - 6:00 PM; Wed: 11:00 AM - 8:00 PM; Thu: 11:00 AM - 6:00 PM; Fri - Sat: 10:00 AM - 5:00 PM","","","","","","","","",""
"Coney Island Learning Center Library","Coney Island Learning Center branch of the Brooklyn Public Library system. ","","1901 Mermaid Avenue","BROOKLYN","NY","11224","(718) 265-3880","http://www.brooklynpubliclibrary.org","Mon: 1:00 PM - 8:00 PM; Tue: 10:00 AM - 3:00 PM; Wed: 1:00 PM - 8:00 PM; Thu: 10:00 AM - 3:00 PM; Fri:closed; Sat: 10:00 AM - 2:00 PM; Sun: closed","","","Adult Literacy, Computers","","","","","",""
"Coney Island Library","Coney Island branch of the Brooklyn Public Library system.  ","","1901 Mermaid Avenue","BROOKLYN","NY","11224","(718) 265-3220","http://www.brooklynpubliclibrary.org","Mon - Tue: 10:00 AM - 6:00 PM; Wed: 1:00 PM - 8:00 PM; Thu: 10:00 AM - 8:00 PM; Fri: 10:00 AM - 6:00 PM; Sat: 10:00 AM - 5:00 PM","","","Computers","","","","","",""
"Corona Library","The Queens Public Library provides all residents of Queens with access to books, research, and other materials and programs.","","38-23 104th Street","CORONA","NY","11368","(718) 426-2844","http://www.queenslibrary.org","Mon: 12:00 PM - 8:00 PM; Tue: 1:00 PM - 6:00 PM; Wed: 10:00 AM - 6:00 PM; Thu: 12:00 PM - 8:00 PM; Fri: 10:00 AM - 6:00 PM; Sat: 10:00 AM - 5:00 PM","","","Computers, Early Childhood Discussions, English Classes, Poetry Readings, Senior Programs","","","","","",""
"Cortelyou Library","Cortelyou branch of the Brooklyn Public Library system.","","1305 Cortelyou Road","BROOKLYN","NY","11226","(718) 693-7763","http://www.brooklynpubliclibrary.org","Mon: 10:00 AM - 6:00 PM; Tue: 1:00 PM - 8:00 PM; Wed: 10:00 AM - 8:00 PM; Thu - Fri: 10:00 AM - 6:00 PM; Sat: 10:00 AM - 5:00 PM","","","Computers","","","","","",""
"Countee Cullen Library","Manhattan branch of the New York Public Library system.","","104 West 136th Street","NEW YORK","NY","10030","(212) 491-2070","http://www.nypl.org","Mon - Thu: 10:00 AM - 8:00 PM; Fri - Sat: 10:00 AM - 5:00 PM","","","Adult Literacy, Early Childhood Discussions, Senior Programs","","","","","",""
"Court Square Library","The Queens Public Library provides all residents of Queens with access to books, research, and other materials and programs.","","25-01 Jackson Avenue","LONG ISLAND CITY","NY","11101","(718) 937-2790","http://www.queenslibrary.org","Mon: 12:00 PM - 7:00 PM; Tue: 1:00 PM - 6:00 PM; Wed: 10:00 AM - 6:00 PM; Thu: 12:00 PM - 7:00 PM; Fri: 10:00 AM - 6:00 PM;","","","Computers, Early Childhood Discussions, English Classes, Poetry Readings, Senior Programs","","","","","",""
"Crown Heights Library","Crown Heights branch of the Brooklyn Public Library system.","","560 New York Avenue","BROOKLYN","NY","11225","(718) 773-1180","http://www.brooklynpubliclibrary.org","Mon: 10:00 AM - 6:00 PM; Tue: 1:00 PM - 8:00 PM; Wed: 10:00 AM - 8:00 PM; Thu - Fri: 10:00 AM - 6:00 PM; Sat: 10:00 AM - 5:00 PM","","","Computers","","","","","",""
"Cypress Hills Library","Cypress Hills branch of the Brooklyn Public Library system.","","1197 Sutter Avenue","BROOKLYN","NY","11208","(718) 277-6004","http://www.brooklynpubliclibrary.org","Mon: 10:00 AM - 6:00 PM; Tue: 1:00 PM - 8:00 PM; Wed: 10;00 AM - 8:00 PM; Thu - Fri: 10:00 AM - 6:00 PM; Sat: 10:00 AM - 5:00 PM","","","Computers","","","","","",""
"DeKalb Library","DeKalb branch of the Brooklyn Public Library system.","","790 Bushwick Avenue","BROOKLYN","NY","11221","(718) 455-3898","http://www.brooklynpubliclibrary.org","Mon: 10:00 AM - 6:00 PM; Tue: 10:00 AM - 8:00 PM; Wed: 1:00 PM - 8:00 PM; Thu - Fri: 10:00 AM - 6:00 PM; Sat: 10:00 AM - 5:00 PM","","","Adult Literacy, Computers","","","","","",""
"Dongan Hills Library","Staten Island branch of the New York Public Library system. ","","1617 Richmond Road","STATEN ISLAND","NY","10304","(718) 351-1444","http://www.nypl.org","Mon - Thu: 11:00 PM - 7:00 PM; Fri - Sat: 10:00 AM - 5:00 PM","","","Early Childhood Discussions, English Classes, Poetry Readings, Senior Programs","","","","","",""
"Donnell Library Center","Manhattan - Central Branch  of the New York Public Library system.","","20 West 53rd Street","NEW YORK","NY","10019","","http://www.nypl.org","As of August 30, 2008, this library is closed. ","","","Computers, Early Childhood Discussions, Poetry Readings, Senior Programs","","","","","",""
"Douglaston-Little Neck Library","The Queens Public Library provides all residents of Queens with access to books, research, and other materials and programs.","","249-01 Northern Boulevard","LITTLE NECK","NY","11363","(718) 225-8414","http://www.queenslibrary.org","Mon: 12:00 PM - 8:00 PM; Tue: 1:00 PM - 6:00 PM; Wed: 10:00 AM - 6:00 PM; Thu: 12:00 PM - 8:00 PM; Fri: 10:00 AM - 6:00 PM; Sat: 10:00 AM - 5:00 PM","","","Computers, Early Childhood Discussions, English Classes, Poetry Readings, Senior Programs","","","","","",""
"Dycker Library","Dyker branch of the Brooklyn Public Library system.","","8202 13th Avenue","BROOKLYN","NY","11228","(718) 748-6261","http://www.brooklynpubliclibrary.org","Mon: 10:00 AM - 6:00 PM; Tue: 10:00 AM - 8:00 PM; Wed: 10:00 AM - 6:00 PM; Thu: 10:00 AM - 8:00 PM; Fri: 10:00 AM - 6:00 PM; Sat: 10:00 AM - 5:00 PM","","","Computers","","","","","",""
"Early Childhood Resource and Information Center Library","Manhattan branch of the New York Public Library system.","","66 Leroy Street","NEW YORK","NY","10014","(212) 929-0815","http://www.nypl.org","Mon: 10:00 AM - 6:00 PM; Tue: 12:00 PM - 8:00 PM; Wed: 10:00 AM - 6:00 PM; Thu: 12:00 PM - 8:00 PM; Fri: 1:00 PM - 5:00 PM; Sat: 1:00 PM - 5:00 PM","","","Early Childhood Discussions","","","","","",""
"East Elmhurst Library","The Queens Public Library provides all residents of Queens with access to books, research, and other materials and programs.","","95-06 Astoria Boulevard","EAST ELMHURST","NY","11369","(718) 424-2619","http://www.queenslibrary.org","Mon: 12:00 PM - 8:00 PM; Tue: 1:00 PM - 6:00 PM; Wed: 10:00 AM - 6:00 PM; Thu: 12:00 PM - 8:00 PM; Fri: 10:00 AM - 6:00 PM; Sat: 10:00 AM - 5:00 PM","","","Computers, Early Childhood Discussions, English Classes, Poetry Readings, Senior Programs","","","","","",""
"East Flatbush Library","East Flatbush branch of the Brooklyn Public Library system.","","9612 Church Avenue","BROOKLYN","NY","11212","(718) 922-0927","http://www.brooklynpubliclibrary.org","Mon: 10:00 AM - 6:00 PM; Tue: 1:00 PM - 8:00 PM; Wed: 10:00 AM - 6:00 PM; Thu: 10:00 AM- 8:00 PM; Fri: 10:00 AM - 6:00 PM; Sat: 10:00 AM - 5:00 PM","","","Computers","","","","","",""
"East Flushing Library","The Queens Public Library provides all residents of Queens with access to books, research, and other materials and programs.","","196-36 Northern Boulevard","FLUSHING","NY","11358","(718) 357-6643","http://www.queenslibrary.org","Mon: 12:00 PM - 8:00 PM; Tue: 1:00 PM - 6:00 PM; Wed: 10:00 AM - 6:00 PM; Thu: 12:00 PM - 8:00 PM; Fri: 10:00 AM - 6:00 PM; Sat: 10:00 AM - 5:00 PM","","","Computers, Early Childhood Discussions, English Classes, Poetry Readings, Senior Programs","","","","","",""
"Eastchester Library","Bronx branch of the New York Public Library system.","","1385 East Gun hill Road","BRONX","NY","10469","(718) 653-3292","http://www.nypl.org","Mon - Thu: 10:00 AM - 7:00 PM; Fri - Sat: 10:00 AM - 5:00 PM","","","Early Childhood Discussions","","","","","",""
"Eastern Parkway Adult Learning Center Library","Eastern Parkway Adult Learning Center branch of the Brooklyn Public Library system.","","1044 Eastern Parkway","BROOKLYN","NY","11213","(718) 778-9330","http://www.brooklynpubliclibrary.org","Mon: 10:00 AM - 5:00 PM; Tue: 1:00 PM - 8:00 PM; Wed: 10:00 AM - 5:00 PM; Thu: 1:00 PM - 8:00 PM; Sat: 10:00 AM - 2:00 PM","","","Adult Literacy, Computers","","","","","",""
"Eastern Parkway Library","Eastern Parkway branch of the Brooklyn Public Library system.","","1044 Eastern Parkway","BROOKLYN","NY","11213","(718) 953-4225","http://www.brooklynpubliclibrary.org","Mon: 10:00 AM - 6:00 PM; Tue: 1:00 PM - 8:00 PM; Wed: 10:00 AM - 6:00 PM; Thu: 10:00 AM - 8:00 PM Fri: 10:00 AM - 6:00 PM; Sat: 10:00 AM - 5:00 PM","","","Computers","","","","","",""
"Edenwald Library","Bronx branch of the New York Public Library system.","","1255 East 233rd Street","BRONX","NY","10466","(718) 798-3355","http://www.nypl.org","Mon - Thu: 10:00 AM - 7:00 PM; Fri - Sat: 10:00 AM - 5:00 PM","","","Early Childhood Discussions, Senior Programs","","","","","",""
"Elmhurst Library","The Queens Public Library provides all residents of Queens with access to books, research, and other materials and programs.","","86-01 Broadway","ELMHURST","NY","11373","(718) 271-1020","http://www.queenslibrary.org","Mon: 10:00 AM - 8:00 PM; Tue: 1:00 PM - 6:00 PM; Wed: 10:00 AM - 8:00 PM; Thu: 1:00 PM - 8:00 PM; Fri: 10:00 AM - 6:00 PM; Sat: 10:00 AM - 5:30 PM","","","Adult Literacy, Computers, Early Childhood Discussions, English Classes, Poetry Readings, Senior Programs","","","","","",""
"Epiphany Library","Manhattan branch of the New York Public Library system.","","228 East 23rd Street","NEW YORK","NY","10010","(212) 679-2645","http://www.nypl.org","Mon: 12:00 PM - 7:00 PM; Tue: 10:00 AM - 6:00 PM; Wed: 12:00 PM - 7:00 PM; Thu: 10:00 AM - 6:00 PM;  Fri - Sat: 10:00 AM - 5:00 PM","","","Computers, Early Childhood Discussions, Senior Programs","","","","","",""
"Far Rockaway Library","The Queens Public Library provides all residents of Queens with access to books, research, and other materials and programs.","","1637 Central Avenue","FAR ROCKAWAY","NY","11691","(718) 327-2549","http://www.queenslibrary.org","Mon: 9:00 AM - 8:00 PM; Tue: 1:00 PM - 6:00 PM; Wed: 10:00 AM - 6:00 PM; Thu: 12:00 PM - 8:00 PM; Fri: 10:00 AM - 6:00 PM; Sat: 10:00 AM - 5:00 PM","","","Computers, Early Childhood Discussions, English Classes, Poetry Readings, Senior Programs","","","","","",""
"Flatbush Adult Learning Center","Flatbush Adult Learning Center branch of the Brooklyn Public Library system.","","22 Linden Boulevard","BROOKLYN","NY","11226","(718) 856-2631","http://www.brooklynpubliclibrary.org","Mon: 10:00 AM - 5:00 PM; Tue: 1:00 PM - 8:00 PM; Wed: 10:00 AM - 5:00 PM; Thu: 1:00 PM - 8:00 PM; Sat: 10:00 AM - 2:00 PM","","","Adult Literacy, Computers","","","","","",""
"Flatbush Library","Flatbush branch of the Brooklyn Public Library system.","","22 Linden Boulevard","BROOKLYN","NY","11226","(718) 856-0813","http://www.brooklynpubliclibrary.org","Mon: 10:00 AM - 6:00 PM; Tue: 1:00 PM - 8:00 PM; Wed - Fri: 10:00 AM - 6:00 PM; Sat: 10:00 AM - 5:00 PM","","","Adult Literacy, Computers","","","","","",""
"Flatlands Library","Flatlands branch of the Brooklyn Public Library system.","","2065 Flatbush Avenue","BROOKLYN","NY","11234","(718) 253-4409","http://www.brooklynpubliclibrary.org","Mon: 10:00 AM - 6:00 PM; Tue: 1:00 PM - 8:00 PM; Wed: 10:00 AM - 6:00 PM; Thu: 10:00 AM - 8:00 PM; Fri: 10:00 AM - 6:00 PM; Sat: 10:00 AM - 5:00 PM","","","Computers, Early Childhood Discussions","","","","","",""
"Flushing Library","The Queens Public Library provides all residents of Queens with access to books, research, and other materials and programs.","","41-17 Main Street","FLUSHING","NY","11355","(718) 661-1200","http://www.queenslibrary.org","Mon - Thu: 9:00 AM - 9:00 PM; Fri: 9:00 AM - 7:00 PM; Sat: 10:00 AM - 5:00 PM; Sun: 12:00 PM - 5:00 PM ","","","Adult Literacy, Computers, Early Childhood Discussions, English Classes, Poetry Readings, Senior Programs","","","","","",""
"Forest Hills Library","The Queens Public Library provides all residents of Queens with access to books, research, and other materials and programs.","","108-19 71st Avenue","FOREST HILLS","NY","11375","(718) 268-7934","http://www.queenslibrary.org","Mon: 9:00 AM - 8:00 PM; Tue: 1:00 PM - 6:00 PM; Wed: 10:00 AM - 6:00 PM; Thu: 12:00 PM - 8:00 PM; Fri: 10:00 AM - 6:00 PM; Sat: 10:00 AM - 5:00 PM","","","Computers, Early Childhood Discussions, English Classes, Poetry Readings, Senior Programs","","","","","",""
"Fort Hamilton Library","Fort Hamilton branch of the Brooklyn Public Library system.","","9424 Fourth Avenue","BROOKLYN","NY","11209","(718) 748-6919","http://www.brooklynpubliclibrary.org","Mon: 10:00 AM - 6:00 PM; Tue: 1:00 PM - 8:00 PM; Wed: 10:00 AM - 8:00 PM; Thu: 10:00 AM - 8:00 PM; Fri: 10:00 AM - 6:00 PM; Sat: 10:00 AM - 5:00 PM","","","Computers, Early Childhood Discussions","","","","","",""
"Fort Washington Library","Manhattan branch of the New York Public Library system.","","535 West 179th Street","NEW YORK","NY","10033","(212) 927-3533","http://www.nypl.org","Mon: 10:00 AM - 6:00 PM; Tue: 12:00 PM - 7:00 PM; Wed: 10:00 AM - 6:00 PM; Thu: 12:00 PM - 7:00 PM; Fri - Sat: 10:00 AM - 5:00 PM","","","Early Childhood Discussions, English Classes","","","","","",""
"Francis Martin Regional Library","Bronx branch of the New York Public Library system.","","2150 University Avenue","BRONX","NY","10453","(718) 295-5287","http://www.nypl.org","Mon - Thu: 10:00 AM - 7:00 PM; Fri - Sat: 10:00 AM - 5:00 PM","","","Computers, Early Childhood Discussions","","","","","",""
"Fresh Meadows Library","The Queens Public Library provides all residents of Queens with access to books, research, and other materials and programs.","","193-20 Horace Harding Expressway","FRESH MEADOWS","NY","11365","(718) 454-7272","http://www.queenslibrary.org","Mon: 9:00 AM - 8:00 PM; Tue: 1:00 PM - 6:00 PM; Wed: 10:00 AM - 6:00 PM; Thu: 12:00 PM - 8:00 PM; Fri: 10:00 AM - 6:00 PM; Sat: 10:00 AM - 5:00 PM","","","Computers, Early Childhood Discussions, English Classes, Poetry Readings, Senior Programs","","","","","",""
"George Bruce Library","Manhattan branch of the New York Public Library system.","","518 West 125th Street","NEW YORK","NY","10027","(212) 662-9727","http://www.nypl.org","Mon: 12:00 PM - 7:00 PM; Tue: 11:00 AM - 6:00 PM; Wed: 12:00 PM - 7:00 PM; Thu: 11:00 AM - 6:00 PM; Fri - Sat: 10:00 AM - 5:00 PM","","","Computers, Early Childhood Discussions","","","","","",""
"Gerristen Beach Library","Gerritsen Beach branch of the Brooklyn Public Library system. ","","2808 Gerritsen Avenue","BROOKLYN","NY","11229","(718) 368-1435","http://www.brooklynpubliclibrary.org","Mon: 10:00 AM - 6:00 PM; Tue: 1:00 PM - 8:00 PM; Wed: 10:00 AM - 6:00 PM; Thu: 10:00 AM - 8:00 PM; Fri: 10:00 AM - 6:00 PM; Sat: 10:00 AM - 5:00 PM","","","Computers, Early Childhood Discussions","","","","","",""
"Glen Oaks Library","The Queens Public Library provides all residents of Queens with access to books, research, and other materials and programs.","","256-04 Union Turnpike","GLEN OAKS","NY","11104","(718) 831-8636","http://www.queenslibrary.org","Mon: 12:00 PM - 8:00 PM; Tue: 1:00 PM - 6:00 PM; Wed: 10:00 AM - 6:00 PM; Thu: 12:00 PM - 8:00 PM; Fri: 10:00 AM - 6:00 PM; Sat: 10:00 AM - 5:00 PM","","","Computers, Early Childhood Discussions, English Classes, Poetry Readings, Senior Programs","","","","","",""
"Glendale Library","The Queens Public Library provides all residents of Queens with access to books, research, and other materials and programs.","","78-60 73rd Place","RIDGEWOOD","NY","11385","(718) 821-4980","http://www.queenslibrary.org","Mon: 12:00 PM - 8:00 PM; Tue: 1:00 PM - 6:00 PM; Wed: 10:00 AM - 6:00 PM; Thu: 12:00 PM - 8:00 PM; Fri: 10:00 AM - 6:00 PM; Sat: 10:00 AM - 5:00 PM","","","Computers, Early Childhood Discussions, English Classes, Poetry Readings, Senior Programs","","","","","",""
"Grand Army Plaza Central Library","Central branch of the Brooklyn Public Library system.","","Grand Army Plaza","BROOKLYN","NY","11238","(718) 230-2100","http://www.brooklynpubliclibrary.org","Mon - Thu: 9:00 AM - 9:00 PM; Fri - Sat: 10:00 AM - 6:00 PM; Sun: 1:00 PM - 5:00 PM","","","Adult Literacy, Computers, Early Childhood Discussions, English Classes, Poetry Readings","","","","","",""
"Grand Central Library","Manhattan branch of the New York Public Library system.","","135 East 46th Street ","NEW YORK","NY","10017","(212) 621-0670","http://www.nypl.org","Mon - Tue: 10:00 AM - 6:00 PM; Wed - Fri: 11:00 AM - 6:00 PM; Sat: 10:00 AM - 5:00 PM","","","","","","","","",""
"Grand Concourse Library","Bronx branch of the New York Public Library system.","","155 East 173rd Street","BRONX","NY","10457","(718) 583-6611","http://www.nypl.org","Mon: 10:00 AM - 8:00 PM; Tue: 10:00 AM - 7:00 PM; Wed: 10:00 AM -8:00 PM; Thu: 10:00 AM - 7:00 PM; Fri - Sat: 10:00 AM - 5:00 PM; Sun: 1:00 PM - 5:00 PM","","","Early Childhood Discussions","","","","","",""
"Gravesend Library","Gravesend branch of the Brooklyn Public Library system.","","303 Avenue X","BROOKLYN","NY","11223","(718) 382-5792","http://www.brooklynpubliclibrary.org","Mon: 10:00 AM - 6:00 PM; Tue: 1:00 PM - 8:00 PM; Wed: 10:00 AM - 6:00 PM; Thu: 10:00 AM - 8:00 PM; Fri: 10:00 AM - 6:00 PM; Sat: 10:00 AM - 5:00 PM","","","Computers","","","","","",""
"Great Kills Library","Staten Island branch of the New York Public Library system. ","","56 Giffords Lane","STATEN ISLAND","NY","10308","(718) 984-6670","http://www.nypl.org","Mon - Thu: 11:00 PM - 7:00 PM; Fri - Sat: 10:00 AM - 5:00 PM","","","Early Childhood Discussions","","","","","",""
"Greenpoint Library","Greenpoint branch of the Brooklyn Public Library system.","","107 Norman Avenue","BROOKLYN","NY","11222","(718) 349-8504","http://www.brooklynpubliclibrary.org","Mon: 10:00 AM - 6:00 PM; Tue -Thu: 10:00 AM - 8:00 PM; Fri: 10:00 AM - 6:00 PM; Sat: 10:00 AM - 5:00 PM","","","Adult Literacy, Computers, Early Childhood Discussions","","","","","",""
"Hamilton Fish Park Library","Manhattan branch of the New York Public Library system.  ","","415 East Houston Street","NEW YORK","NY","10021","(212) 673-2290","http://www.nypl.org","Mon: 10:00 AM - 6:00 PM; Tue: 12:00 PM - 7:00 PM; Wed: 10:00 AM - 6:00 PM; Thu: 12:00 PM - 7:00 PM; Fri - Sat: 10:00 AM - 5:00 PM","","","Adult Literacy, Computers, Early Childhood Discussions","","","","","",""
"Hamilton George Library","Manhattan branch of the New York Public Library system.  ","","503 West 145th Street","NEW YORK","NY","10031","(212) 926-2147","http://www.nypl.org","Mon: 11:00 AM - 7:00 PM; Tue: 11:00 AM - 6:00 PM; Wed: 11:00 AM - 7:00 PM; Thu: 11:00 AM - 6:00 PM; Fri - Sat: 10:00 AM - 5:00 PM","","","Early Childhood Discussions","","","","","",""
"Harlem Center for Reading and Writing","Manhattan branch of the New York Public Library system.","","9 West 124th Street","NEW YORK","NY","10027","(212) 369-2714","http://www.nypl.org","Mon, Wed: 10:00 AM - 8:00 PM","","","Adult Literacy","","","","","",""
"Harlem Library","Manhattan branch of the New York Public Library system.","","9 West 124th Street","NEW YORK","NY","10027","(212) 348-5620","http://www.nypl.org","Mon: 11:00 AM - 6:00 PM; Tue: 12:00 PM - 7:00 PM; Wed: 11:00 AM - 6:00 PM; Thu: 12:00 PM - 7:00 PM; Fri - Sat: 10:00 AM - 5:00 PM","","","","","","","","",""
"High Bridge Library","Bronx branch of the New York Public Library system.","","78 West 168th Street","BRONX","NY","10452","(718) 293-7800","http://www.nypl.org","Mon - Thu: 10:00 AM - 7:00 PM; Fri - Sat: 10:00 AM - 5:00 PM","","","Early Childhood Discussions","","","","","",""
"Highlawn Library","Highlawn branch of the Brooklyn Public Library system.","","1664 West 13th Street","BROOKLYN","NY","11223","(718) 234-7208","http://www.brooklynpubliclibrary.org","Mon: 10:00 AM - 6:00 PM; Tue: 10:00 AM - 8:00 PM; Wed: 10:00 AM - 6:00 PM; Thu: 1:00 PM - 8:00 PM; Fri: 10:00 AM - 6:00 PM; Sat: 10:00 AM - 5:00 PM","","","Adult Literacy, Computers, Early Childhood Discussions","","","","","",""
"Hillcrest Library","The Queens Public Library provides all residents of Queens with access to books, research, and other materials and programs.","","187-05 Union Turnpike","FRESH MEADOWS","NY","11366","(718) 454-2786","http://www.queenslibrary.org","Mon: 9:00 AM - 8:00 PM; Tue: 1:00 PM - 6:00 PM; Wed: 10:00 AM - 6:00 PM; Thu: 12:00 PM - 8:00 PM; Fri: 10:00 AM - 6:00 PM; Sat: 10:00 AM - 5:00 PM","","","Computers, Early Childhood Discussions, English Classes, Poetry Readings, Senior Programs","","","","","",""
"Hollis Library","The Queens Public Library provides all residents of Queens with access to books, research, and other materials and programs.","","202-05 Hillside Avenue","HOLLIS","NY","11423","(718) 465-7355","http://www.queenslibrary.org","Mon: 12:00 PM - 8:00 PM; Tue: 1:00 PM - 6:00 PM; Wed: 10:00 AM - 6:00 PM; Thu: 12:00 PM - 8:00 PM; Fri: 10:00 AM - 6:00 PM; Sat: 10:00 AM - 5:00 PM","","","Computers, Early Childhood Discussions, English Classes, Poetry Readings, Senior Programs","","","","","",""
"Homecrest Library","Homecrest branch of the Brooklyn Public Library system.","","2525 Coney Island Avenue","BROOKLYN","NY","11223","(718) 382-5924","http://www.brooklynpubliclibrary.org","Mon: 10:00 AM - 6:00 PM; Tue: 10:00 AM - 8:00 PM; Wed: 1:00 PM - 6:00 PM; Thu: 10:00 AM - 8:00 PM; Fri: 10:00 AM - 6:00 PM; Sat: 10:00 AM - 5:00 PM","","","Computers, Early Childhood Discussions","","","","","",""
"Howard Beach Library","The Queens Public Library provides all residents of Queens with access to books, research, and other materials and programs.","","92-06 156th Avenue","HOWARD BEACH","NY","11414","(718) 641-7086","http://www.queenslibrary.org","Mon: 12:00 PM - 8:00 PM; Tue: 1:00 PM - 6:00 PM; Wed: 10:00 AM - 6:00 PM; Thu: 12:00 PM - 8:00 PM; Fri: 10:00 AM - 6:00 PM; Sat: 10:00 AM - 5:00 PM","","","Computers, Early Childhood Discussions, English Classes, Poetry Readings, Senior Programs","","","","","",""
"Hudson Park Library","Manhattan branch of the New York Public Library system.  ","","66 Leroy Street","NEW YORK","NY","10014","(212) 243-6876","http://www.nypl.org","Mon: 11:00 AM - 6:00 PM; Tue: 12:00 PM - 7:00 PM; Wed: 11:00 AM - 6:00 PM; Thu: 12:00 PM - 7:00 PM;  Fri - Sat: 10:00 AM - 5:00 PM","","","Early Childhood Discussions","","","","","",""
"Hugenot Park Library","Staten Island branch of the New York Public Library system. ","","830 Huguenot Avenue","STATEN ISLAND","NY","10312","(718) 984-4636","http://www.nypl.org","Mon: 10:00 AM - 7:00 PM; Tue: 10:00 AM - 6:00 PM; Wed: 10:00 AM - 7:00 PM; Thu: 11:00 AM - 8:00 PM; Fri - Sat: 10:00 AM - 5:00 PM","","","Early Childhood Discussions, Senior Programs","","","","","",""
"Humanities and Social Sciences Library","Manhattan - research collection of the New York Public Library system, covering the humanities and social sciences.","","476 5th Avenue","NEW YORK","NY","10018","(212) 930-0830","http://www.nypl.org","Mon: 10:00 AM - 6:00 PM; Tue, Wed: 10:00 AM - 9:00 PM; Thu - Sat: 10:00 AM - 6:00 PM; Sun: 1:00 PM - 5:00 PM","","","Computers, Poetry Readings","","","","","",""
"Hunt's Point Regional Library","Bronx branch of the New York Public Library system.","","877 Southern Boulevard","BRONX","NY","10459","(718) 617-0338","http://www.nypl.org","Mon - Thu: 10:00 AM - 7:00 PM; Fri - Sat: 10:00 AM - 5:00 PM","","","Computers, Early Childhood Discussions, English Classes","","","","","",""
"International Resource Center Library","The Queens Public Library provides all residents of Queens with access to books, research, and other materials and programs.","","41-17 Main Street","FLUSHING","NY","11355","(718) 661-1229","http://www.queenslibrary.org","Mon - Sat: 9:00 AM - 9:00 PM","","","Computers","","","","","",""
"Inwood Library","Manhattan branch of the New York Public Library system.","","4790 Broadway","NEW YORK","NY","10034","(212) 942-2445","http://www.nypl.org","Mon: 11:00 AM - 7:00 PM; Tue: 11:00 AM - 6:00 PM; Wed: 11:00 AM - 7:00 PM; Thu: 11:00 AM - 6:00 PM; Fri - Sat: 10:00 AM - 5:00 PM","","","Computers, Early Childhood Discussions, English Classes, Senior Programs","","","","","",""
"Jackson Heights Library","The Queens Public Library provides all residents of Queens with access to books, research, and other materials and programs.","","35-51 81st Street","JACKSON HEIGHTS","NY","11372","(718) 899-2500","http://www.queenslibrary.org","Mon: 9:00 AM - 8:00 PM; Tue: 1:00 PM - 6:00 PM; Wed: 10:00 AM - 6:00 PM; Thu: 12:00 PM - 8:00 PM; Fri: 10:00 AM - 6:00 PM; Sat: 10:00 AM - 5:00 PM","","","Computers, Early Childhood Discussions, English Classes, Poetry Readings, Senior Programs","","","","","",""
"Jamaica Bay Library","Jamaica Bay branch of the Brooklyn Public Library system.","","9727 Seaview Avenue","BROOKLYN","NY","11236","(718) 241-3571","http://www.brooklynpubliclibrary.org","Mon - Tue: 10:00 AM - 6:00 PM; Wed: 1:00 PM - 8:00 PM; Thu: 10:00 AM - 8:00 PM; Fri: 10:00 AM - 6:00 PM; Sat: 10:00 AM - 5:00 PM","","","Computers","","","","","",""
"Jefferson Market Regional Library","Manhattan branch of the New York Public Library system.  ","","425 Avenue of Americas","NEW YORK","NY","10011","(212) 243-4334","http://www.nypl.org","Mon: 10:00 AM - 8:00 PM; Tue: 11:00 AM - 6:00 PM; Wed: 10:00 AM - 8:00 PM; Thu: 11:00 AM - 6:00 PM; Fri - Sat: 10:00 AM - 5:00 PM","","","Computers, Early Childhood Discussions, Poetry Readings, Senior Programs","","","","","",""
"Jerome Park Library","Bronx branch of the New York Public Library system.","","118 Eames Place","BRONX","NY","10468","(718) 549-5200","http://www.nypl.org","Mon: 12:00 PM - 8:00 PM; Tue - Thu: 10:00 AM - 7:00 PM; Fri - Sat: 10:00 AM - 5:00 PM","","","Early Childhood Discussions","","","","","",""
"Kensington Library","Kensington branch of the Brooklyn Public Library system.","","4207 18th Avenue","BROOKLYN","NY","11218","(718) 436-0545","http://www.brooklynpubliclibrary.org","Mon: 10:00 AM - 6:00 PM; Tue: 10:00 AM - 8:00 PM; Wed: 10:00 AM - 6:00 PM; Thu: 1:00 PM - 8:00 PM; Fri: 10:00 AM - 6:00 PM; Sat: 10:00 AM - 5:00 PM","","","Adult Literacy, Computers","","","","","",""
"Kew Gardens Hills Library","The Queens Public Library provides all residents of Queens with access to books, research, and other materials and programs.","","72-33 Vleigh Place","FLUSHING","NY","11367","(718) 261-6654","http://www.queenslibrary.org","Mon: 1:00 PM - 8:00 PM; Tue: 1:00 PM - 6:00 PM; Wed: 10:00 AM - 6:00 PM; Thu: 1:00 PM - 8:00 PM; Fri: 10:00 AM - 6:00 PM","","","Computers, Early Childhood Discussions, English Classes, Poetry Readings, Senior Programs","","","","","",""
"Kings Bay Library","Kings Bay branch of the Brooklyn Public Library system.","","3650 Nostrand Avenue","BROOKLYN","NY","11229","(718) 368-1709","http://www.brooklynpubliclibrary.org","Mon: 10:00 AM - 6:00 PM; Tue: 10:00 AM - 8:00 PM; Wed: 10:00 AM - 6:00 PM; Thu: 1:00 PM - 8:00 PM; Fri: 10:00 AM - 6:00 PM; Sat: 10:00 AM - 5:00 PM","","","Adult Literacy, Computers, Early Childhood Discussions","","","","","",""
"Kings Highway Library","Kings Highway branch of the Brooklyn Public Library system.","","2115 Ocean Avenue","BROOKLYN","NY","11229","(718) 375-3037","http://www.brooklynpubliclibrary.org","Mon: 10:00 AM - 6:00 PM; Tue - Thu: 10:00 AM - 8:00 PM; Fri: 10:00 AM - 6:00 PM; Sat: 10:00 AM - 5:00 PM; Sun: 1:00 PM - 5:00 PM","","","Computers, Early Childhood Discussions","","","","","",""
"Kingsbridge Regional Library","Bronx branch of the New York Public Library system.","","280 West 231st Street","BRONX","NY","10463","(718) 548-5656","http://www.nypl.org","Mon: 10:00 AM - 8:00 PM; Tue: 10:00 AM - 7:00 PM; Wed: 10:00 AM - 8:00 PM; Thu: 10:00 AM - 7:00 PM; Fri - Sat: 10:00 AM - 5:00 PM","","","Computers, Early Childhood Discussions, English Classes, Poetry Readings, Senior Programs","","","","","",""
"Kips Bay Library","Manhattan branch of the New York Public Library system.  ","","446 Third Avenue","NEW YORK","NY","10016","(212) 683-2520","http://www.nypl.org","Mon: 11:00 AM - 6:00 PM; Tue: 12:00 PM - 7:00 PM; Wed: 11:00 AM - 6:00 PM; Thu: 12:00 PM - 7:00 PM; Fri - Sat: 10:00 AM - 5:00 PM","","","Early Childhood Discussions","","","","","",""
"Langston Hughes Library","The Queens Public Library provides all residents of Queens with access to books, research, and other materials and programs.","","100-01 Northern Boulevard","CORONA","NY","11368","(718) 651-1100","http://www.queenslibrary.org","Mon: 9:00 AM - 8:00 PM; Tue: 1:00 PM - 6:00 PM; Wed: 10:00 AM - 6:00 PM; Thu: 12:00 PM - 8:00 PM; Fri: 10:00 AM - 6:00 PM; Sat: 10:00 AM - 5:00 PM","","","Computers, Early Childhood Discussions, English Classes, Poetry Readings, Senior Programs","","","","","",""
"Laurelton Library","The Queens Public Library provides all residents of Queens with access to books, research, and other materials and programs.","","134-26 225th Street","SPRINGFIELD GARDENS","NY","11413","(718) 528-2822","http://www.queenslibrary.org","Mon: 12:00 PM - 8:00 PM; Tue: 1:00 PM - 6:00 PM; Wed: 10:00 AM - 6:00 PM; Thu: 12:00 PM - 8:00 PM; Fri: 10:00 AM - 6:00 PM; Sat: 10:00 AM - 5:00 PM","","","Computers, Early Childhood Discussions, English Classes, Poetry Readings, Senior Programs","","","","","",""
"Lefferts Library","The Queens Public Library provides all residents of Queens with access to books, research, and other materials and programs.","","103-34 Lefferts Boulevard","SOUTH RICHMOND HILL","NY","11419","(718) 843-5950","http://www.queenslibrary.org","Mon: 9:00 AM - 8:00 PM; Tue: 1:00 PM - 6:00 PM; Wed: 10:00 AM - 6:00 PM; Thu: 12:00 PM - 8:00 PM; Fri: 10:00 AM - 6:00 PM; Sat: 10:00 AM - 5:00 PM","","","Computers, Early Childhood Discussions, English Classes, Poetry Readings, Senior Programs","","","","","",""
"Lefrak City Library","The Queens Public Library provides all residents of Queens with access to books, research, and other materials and programs.","","98-30 57th Avenue","CORONA","NY","11368","(718) 592-7677","http://www.queenslibrary.org","Mon: 12:00 PM - 8:00 PM; Tue: 1:00 PM - 6:00 PM; Wed: 10:00 AM - 6:00 PM; Thu: 12:00 PM - 8:00 PM; Fri: 10:00 AM - 6:00 PM; Sat: 10:00 AM - 5:00 PM","","","Computers, Early Childhood Discussions, English Classes, Poetry Readings, Senior Programs","","","","","",""
"Leonard Library","Leonard branch of the Brooklyn Public Library system.","","81 Devoe Street","BROOKLYN","NY","11211","(718) 486-6006","http://www.brooklynpubliclibrary.org","Mon: 10:00 AM - 6:00 PM; Tue: 1:00 PM - 8:00 PM; Wed: 10:00 AM - 6:00 PM; Thu: 10:00 AM - 8:00 PM; Fri: 10:00 AM - 6:00 PM; Sat: 10:00 AM - 5:00 PM","","","Computers, Early Childhood Discussions","","","","","",""
"Long Island City Library","The Queens Public Library provides all residents of Queens with access to books, research, and other materials and programs.","","37-44 21st Street","LONG ISLAND CITY","NY","11101","(718) 752-3700","http://www.queenslibrary.org","Mon: 9:00 AM - 8:00 PM; Tue: 1:00 PM - 6:00 PM; Wed: 10:00 AM - 6:00 PM; Thu: 12:00 PM - 8:00 PM; Fri: 10:00 AM - 6:00 PM; Sat: 10:00 AM - 5:00 PM","","","Computers","","","","","",""
"Macomb's Bridge Library","Manhattan branch of the New York Public Library system. Includes a small African American experience collection.","","2650 Adam Clayton Powell Jr Boulevard","NEW YORK","NY","10039","(212) 281-4900","http://www.nypl.org","Mon: 12:00 PM - 7:00 PM; Tue - Thu: 11:00 AM - 6:00 PM; Fri - Sat: 10:00 AM - 5:00 PM","","","Early Childhood Discussions","","","","","",""
"Macon Library","Macon branch of the Brooklyn Public Library system.","","361 Lewis Avenue","BROOKLYN","NY","11233","(718) 573-5606","http://www.brooklynpubliclibrary.org","Mon: 10:00 AM - 6:00 PM; Tue - Thu: 10:00 AM - 8:00 PM; Fri: 10:00 AM - 6:00 PM; Sat: 10:00 AM - 5:00 PM; Sun: 1:00 PM - 5:00 PM","","","Computers","","","","","",""
"Mapleton Library","Mapleton branch of the Brooklyn Public Library system.","","1702 60th Street","BROOKLYN","NY","11204","(718) 256-2117","http://www.brooklynpubliclibrary.org","Mon - Tue: 10:00 AM - 6:00 PM; Wed: 10:00 AM - 8:00 PM; Thu: 1:00 PM - 8:00 PM; Fri: 10:00 AM - 6:00 PM; Sat: 10:00 AM - 5:00 PM; Sun: 1:00 PM - 5:00 PM","","","Computers","","","","","",""
"Marcy Library","Marcy branch of the Brooklyn Public Library system.","","617 DeKalb Avenue","BROOKLYN","NY","11216","(718) 935-0032","http://www.brooklynpubliclibrary.org","Mon - Fri: 8:00 AM - 1:00 PM; Sat: 9:00 AM - 1:00 PM","","","Computers","","","","","",""
"Maspeth Library","The Queens Public Library provides all residents of Queens with access to books, research, and other materials and programs.","","69-70 Grand Avenue","MASPETH","NY","11378","(718) 639-5228","http://www.queenslibrary.org","Mon: 12:00 PM - 8:00 PM; Tue: 1:00 PM - 6:00 PM; Wed: 10:00 AM - 6:00 PM; Thu: 12:00 PM - 8:00 PM; Fri: 10:00 AM - 6:00 PM; Sat: 10:00 AM - 5:00 PM","","","Computers, Early Childhood Discussions, English Classes, Poetry Readings, Senior Programs","","","","","",""
"McGoldrick Library","The Queens Public Library provides all residents of Queens with access to books, research, and other materials and programs.","","155-06 Roosevelt Avenue","FLUSHING","NY","11354","(718) 461-1616","http://www.queenslibrary.org","Mon: 1:00 PM - 8:00 PM; Tue: 1:00 PM - 6:00 PM; Wed: 10:00 AM - 6:00 PM; Thu: 1:00 PM - 8:00 PM; Fri: 10:00 AM - 6:00 PM","","","Computers, Early Childhood Discussions, English Classes, Poetry Readings, Senior Programs","","","","","",""
"McKinley Park Library","McKinley Park branch of the Brooklyn Public Library system. ","","6802 Fort Hamilton Parkway","BROOKLYN","NY","11219","(718) 748-8001","http://www.brooklynpubliclibrary.org","Mon - Tue: 10:00 AM - 6:00 PM; Wed: 1:00 PM - 8:00 PM; Thu: 10:00 AM - 8:00 PM; Fri: 10:00 AM - 6:00 PM; Sat: 10:00 AM - 5:00 PM","","","Adult Literacy, Computers","","","","","",""
"Melrose Library","Bronx branch of the New York Public Library system.","","910 Morris Avenue","BRONX","NY","10451","(718) 588-0110","http://www.nypl.org","Mon - Thu: 10:00 AM - 7:00 PM; Fri - Sat: 10:00 AM - 5:00 PM","","","Early Childhood Discussions, English Classes","","","","","",""
"Mid Manhattan Library","Manhattan branch of the New York Public Library system.","","455 5th Avenue","NEW YORK","NY","10016","(212) 340-0863","http://www.nypl.org","Mon - Thu: 8:00 AM - 11:00 PM; Fri: 8:00 AM - 8:00 PM; Sat - Sun: 10:00 AM - 6:00 PM","","","Computers, Poetry Readings, Senior Programs","","","","","",""
"Middle Village Library","The Queens Public Library provides all residents of Queens with access to books, research, and other materials and programs.","","72-31 Metropolitan Avenue","MIDDLE VILLAGE","NY","11379","(718) 326-1390","http://www.queenslibrary.org","Mon: 12:00 PM - 8:00 PM; Tue: 1:00 PM - 6:00 PM; Wed: 10:00 AM - 6:00 PM; Thu: 12:00 PM - 8:00 PM; Fri: 10:00 AM - 6:00 PM; Sat: 10:00 AM - 5:00 PM","","","Computers, Early Childhood Discussions, English Classes, Poetry Readings, Senior Programs","","","","","",""
"Midwood Library","Midwood branch of the Brooklyn Public Library system.","","975 East 16th Street","BROOKLYN","NY","11230","(718) 252-0967","http://www.brooklynpubliclibrary.org","Mon: 10:00 AM - 6:00 PM; Tue: 10:00 AM - 8:00 PM; Wed: 10:00 AM - 6:00 PM; Thu: 10:00 AM - 8:00 PM; Fri: 10:00 AM - 6:00 PM; Sun: 1:00 PM - 5:00 PM","","","Adult Literacy, Computers, Early Childhood Discussions","","","","","",""
"Mill Basin Library","Mill Basin branch of the Brooklyn Public Library system.","","2385 Ralph Avenue","BROOKLYN","NY","11230","(718) 241-3973","http://www.brooklynpubliclibrary.org","Mon - Fri: 8:00 AM - 1:00 PM; Sat: 9:00 AM - 1:00 PM","","","Computers, Early Childhood Discussions","","","","","",""
"Mitchell-Linden Library","The Queens Public Library provides all residents of Queens with access to books, research, and other materials and programs.","","29-42 Union Street","FLUSHING","NY","11354","(718) 539-2330","http://www.queenslibrary.org","Mon: 12:00 PM - 8:00 PM; Tue: 1:00 PM - 6:00 PM; Wed: 10:00 AM - 6:00 PM; Thu: 12:00 PM - 8:00 PM; Fri: 10:00 AM - 6:00 PM; Sat: 10:00 AM - 5:00 PM","","","Computers, Early Childhood Discussions, English Classes, Poetry Readings, Senior Programs","","","","","",""
"Morningside Heights Library","Manhattan branch of the New York Public Library system.","","2900 Broadway","NEW YORK","NY","10025","(212) 864-2530","http://www.nypl.org","Mon - Thu: 10:00 AM - 7:00 PM; Fri - Sat: 10:00 AM - 5:00 PM","","","Computers, Early Childhood Discussions","","","","","",""
"Morris Park Library","Bronx branch of the New York Public Library system.","","985 Morris Park Avenue","BRONX","NY","10462","(718) 931-0636","http://www.nypl.org","Mon - Thu: 10:00 AM - 7:00 PM; Fri - Sat: 10:00 AM - 5:00 PM","","","Adult Literacy, Early Childhood Discussions, Senior Programs","","","","","",""
"Morrisania Library","Bronx branch of the New York Public Library system.","","610 East 169th Street","BRONX","NY","10456","(718) 589-9268","http://www.nypl.org","Mon - Thu: 10:00 AM - 7:00 PM; Fri - Sat: 10:00 AM - 5:00 PM","","","Early Childhood Discussions, English Classes","","","","","",""
"Mosholu Library","Bronx branch of the New York Public Library system.","","285 East 205th Street","BRONX","NY","10467","(718) 882-8239","http://www.nypl.org","Mon: 10:00 AM - 8:00 PM; Tue - Thu: 10:00 AM - 7:00 PM; Fri, Sat: 10:00 AM - 5:00 PM","","","Early Childhood Discussions","","","","","",""
"Mott Haven Library","Bronx branch of the New York Public Library system.","","321 East 140th Street","BRONX","NY","10454","(718) 665-4878","http://www.nypl.org","Mon - Thu: 10:00 AM - 7:00 PM; Fri - Sat: 10:00 AM - 5:00 PM","","","Adult Literacy, Computers, Early Childhood Discussions","","","","","",""
"Muhlenberg Library","Manhattan branch of the New York Public Library system.  ","","209 West 23rd Street","NEW YORK","NY","10011","(212) 924-1585","http://www.nypl.org","Mon: 11:00 AM - 6:00 PM; Tue: 1:00 PM - 8:00 PM; Wed: 11:00 AM - 6:00 PM; Thu: 1:00 PM - 8:00 PM; Fri - Sat: 10:00 AM - 5:00 PM","","","Computers, Early Childhood Discussions, English Classes","","","","","",""
"Mulberry Street Library","Manhattan branch of the New York Public Library system. ","","10 Jersey Street","NEW YORK","NY","10012","(212) 966-3424","http://www.nypl.org","Mon: 12:00 PM - 7:00 PM; Tue: 10:00 AM - 6:00 PM; Wed: 12:00 PM - 7:00 PM; Thu: 10:00 AM - 6:00 PM; Fri - Sat: 10:00 AM - 5:00 PM","","","Early Childhood Discussions","","","","","",""
"New Amsterdam Library","Manhattan branch of the New York Public Library system.  ","","9 Murray Street","NEW YORK","NY","10007","(212) 732-8186","http://www.nypl.org","Mon: 11:00 AM - 7:00 PM; Tue: 10:00 AM - 6:00 PM; Wed: 11:00 AM - 8:00 PM; Thu: 10:00 AM - 6:00 PM; Fri - Sat: 10:00 AM - 5:00 PM","","","Computers","","","","","",""
"New Dorp Regional Library","Staten Island branch of the New York Public Library system. ","","309 New Dorp Lane","STATEN ISLAND","NY","10306","(718) 351-2977","http://www.nypl.org","Mon - Wed: 10:00 AM - 7:00 PM; Thu: 11:00 AM - 8:00 PM; Fri - Sat: 10:00 AM - 5:00 PM","","","Poetry Readings, Senior Programs","","","","","",""
"New Lots Library","New Lots branch of the Brooklyn Public Library system.","","665 New Lots Avenue","BROOKLYN","NY","11207","(718) 649-0311","http://www.brooklynpubliclibrary.org","Mon: 10:00 AM - 6:00 PM; Tue - Thu: 10:00 AM - 8:00 PM; Fri: 10:00 AM - 6:00 PM; Sat: 10:00 AM - 5:00 PM; Sun: 1:00 PM - 5:00 PM","","","Computers","","","","","",""
"New Utrecht Library","New Utrecht branch of the Brooklyn Public Library system. This location is closed for renovation.","","1743 86th Street","BROOKLYN","NY","11214","(718) 236-4086","http://www.brooklynpubliclibrary.org","Mon: 10:00 AM - 6:00 PM; Tue: 1:00 PM - 6:00 PM; Wed - Thu: 1:00 PM - 8:00 PM; Fri: 10:00 AM - 6:00 PM; Sat: 10:00 AM - 5:00 PM","","","Adult Literacy, Computers","","","","","",""
"New York Library for Performing Arts Library","Manhattan - research collection of the New York Public Library system, specializing in the performing arts: dance, music, and theatre.","","40 Lincoln Center Plaza","NEW YORK","NY","10023","(212) 870-1630","http://www.nypl.org","Mon: 12:00 PM - 8:00 PM; Tue, Wed: 11:00 AM - 6:00 PM; Thu: 12:00 PM - 8:00 PM; Fri: 11:00 AM - 6:00 PM; Sat: 10:00 AM - 6:00 PM","","","Computers, Poetry Readings","","","","","",""
"North Forest Park Library","The Queens Public Library provides all residents of Queens with access to books, research, and other materials and programs.","","98-27 Metropolitan Avenue","FOREST HILLS","NY","11375","(718) 261-5512","http://www.queenslibrary.org","Mon: 12:00 PM - 8:00 PM; Tue: 1:00 PM - 6:00 PM; Wed: 10:00 AM - 6:00 PM; Thu: 12:00 PM - 8:00 PM; Fri: 10:00 AM - 6:00 PM; Sat: 10:00 AM - 5:00 PM","","","Computers, Early Childhood Discussions, English Classes, Poetry Readings, Senior Programs","","","","","",""
"North Hills Library","The Queens Public Library provides all residents of Queens with access to books, research, and other materials and programs.","","57-04 Marathon Parkway","LITTLE NECK","NY","11362","(718) 225-3550","http://www.queenslibrary.org","Mon: 12:00 PM - 8:00 PM; Tue: 1:00 PM - 6:00 PM; Wed: 10:00 AM - 6:00 PM; Thu: 12:00 PM - 8:00 PM; Fri: 10:00 AM - 6:00 PM; Sat: 10:00 AM - 5:00 PM","","","Computers, Early Childhood Discussions, English Classes, Poetry Readings, Senior Programs","","","","","",""
"Ottendorfer Library","Manhattan branch of the New York Public Library system. ","","135 Second Avenue","NEW YORK","NY","10003","(212) 674-0947","http://www.nypl.org","Mon: 11:00 AM - 6:00 PM; Tue: 12:00 PM - 7:00 PM; Wed: 11:00 AM - 6:00 PM; Thu: 12:00 PM - 7:00 PM; Fri - Sat: 10:00 AM - 5:00 PM","","","Early Childhood Discussions, Senior Programs","","","","","",""
"Ozone Park Library","The Queens Public Library provides all residents of Queens with access to books, research, and other materials and programs.","","92-24 Rockaway Boulevard","OZONE PARK","NY","11417","(718) 845-3127","http://www.queenslibrary.org","Mon: 1:00 PM - 8:00 PM; Tue: 1:00 PM - 6:00 PM; Wed: 10:00 AM - 6:00 PM; Thu: 1:00 PM - 8:00 PM; Fri: 10:00 AM - 6:00 PM","","","Computers, Early Childhood Discussions, English Classes, Poetry Readings, Senior Programs","","","","","",""
"Pacific Library","Pacific branch of the Brooklyn Public Library system.","","25 4th Avenue","BROOKLYN","NY","11217","(718) 638-1531","http://www.brooklynpubliclibrary.org","Mon - Tue: 10:00 AM - 6:00 PM; Wed: 1:00 PM - 8:00 PM; Thu: 10:00 AM - 8:00 PM; Fri: 10:00 AM - 6:00 PM; Sat: 10:00 AM - 5:00 PM","","","Adult Literacy, Computers","","","","","",""
"Paerdegat Library","Paerdegat branch of the Brooklyn Public Library system.","","850 East 59th Street","BROOKLYN","NY","11234","(718) 241-3994","http://www.brooklynpubliclibrary.org","Mon: 10:00 AM - 6:00 PM; Tue: 10;00 AM - 8:00 PM; Wed: 1:00 PM - 8:00 PM; Thu - Fri: 10:00 AM - 6:00 PM; Sat: 10:00 AM -5:00 PM","","","Computers","","","","","",""
"Park Slope Library","Park Slope branch of the Brooklyn Public Library system.","","431 6th Avenue","BROOKLYN","NY","11215","(718) 832-1853","http://www.brooklynpubliclibrary.org","Mon: 10:00 AM - 6:00 PM; Tue: 1:00 PM - 8:00 PM; Wed: 10:00 AM - 8:00 PM; Thu: 10:00 AM - 6:00 PM; Fri: 10:00 AM - 6:00 PM; Sat: 10:00 AM - 5:00 PM","","","Adult Literacy, Computers, Early Childhood Discussions","","","","","",""
"Parkchester Regional Library","Bronx branch of the New York Public Library system.","","1985 Westchester Avenue","BRONX","NY","10462","(718) 829-7830","http://www.nypl.org","Mon - Thu: 8:00 AM - 8:00 PM; Fri - Sat: 10:00 AM - 5:00 PM; Sun: 1:00 PM - 5:00 PM","","","","","","","","",""
"Pelham Bay Library","Bronx branch of the New York Public Library system.","","3060 Middletown Road","BRONX","NY","10461","(718) 792-6744","http://www.nypl.org","Mon - Thu: 10:00 AM - 7:00 PM; Fri - Sat: 10:00 AM - 5:00 PM","","","Early Childhood Discussions","","","","","",""
"Peninsula Library","The Queens Public Library provides all residents of Queens with access to books, research, and other materials and programs. Closed for extensive repairs of storm damage.","","92-25 Rockaway Beach Boulevard","FAR ROCKAWAY","NY","11693","(718) 634-1110","http://www.queenslibrary.org","Mon: 9:00 AM - 8:00 PM; Tue: 1:00 PM - 6:00 PM; Wed: 10:00 AM - 6:00 PM; Thu: 12:00 PM - 8:00 PM; Fri: 10:00 AM - 6:00 PM; Sat: 10:00 AM - 5:00 PM","","","Adult Literacy, Computers, Early Childhood Discussions, English Classes, Poetry Readings, Senior Programs","","","","","",""
"Pomonok Library","The Queens Public Library provides all residents of Queens with access to books, research, and other materials and programs.","","158-21 Jewel Avenue","FRESH MEADOWS","NY","11365","(718) 591-4343","http://www.queenslibrary.org","Mon: 12:00 PM - 8:00 PM; Tue: 1:00 PM - 6:00 PM; Wed: 10:00 AM - 6:00 PM; Thu: 12:00 PM - 8:00 PM; Fri: 10:00 AM - 6:00 PM; Sat: 10:00 AM - 5:00 PM","","","Computers, Early Childhood Discussions, English Classes, Poetry Readings, Senior Programs","","","","","",""
"Poppenhusen Library","The Queens Public Library provides all residents of Queens with access to books, research, and other materials and programs.","","121-23 14th Avenue","COLLEGE POINT","NY","11356","(718) 359-1102","http://www.queenslibrary.org","Mon: 12:00 PM - 8:00 PM; Tue: 1:00 PM - 6:00 PM; Wed: 10:00 AM - 6:00 PM; Thu: 12:00 PM - 8:00 PM; Fri: 10:00 AM - 6:00 PM; Sat: 10:00 AM - 5:00 PM","","","Computers, Early Childhood Discussions, English Classes, Poetry Readings, Senior Programs","","","","","",""
"Port Richmond Library","Staten Island branch of the New York Public Library system. ","","75 Bennett Street","STATEN ISLAND","NY","10302","(718) 442-0158","http://www.nypl.org","Mon - Wed: 10:00 AM - 7:00 PM; Thu: 12:00 PM - 8:00 PM; Fri - Sat: 10:00 AM - 5:00 PM","","","Computers, Early Childhood Discussions, English Classes, Senior Programs","","","","","",""
"Queens Borough Library","The Queens Public Library provides all residents of Queens with access to books, research, and other materials and programs.","","89-11 Merrick Boulevard","JAMAICA","NY","11432","(718) 990-0700","http://www.queenslibrary.org","Mon - Fri: 9:00 AM - 9:00 PM; Sat: 10:00 AM - 5:30 PM; Sun: 12:00 PM - 5:00 PM","","","","","","","","",""
"Queens Central Library","The Queens Public Library provides all residents of Queens with access to books, research, and other materials and programs.","","89-11 Merrick Boulevard","JAMAICA","NY","11432","(718) 990-0700","http://www.queenslibrary.org","Sun: 12:00 PM - 5:00 PM; Mon - Thu: 9:00 AM - 9:00 PM; Fri: 9:00 AM - 7:00 PM; Sat: 10:00 AM - 5:00 PM","","","Adult Literacy, Computers, Early Childhood Discussions, English Classes, Poetry Readings, Senior Programs","","","","","",""
"Queens Job Information Center Library","Maintains a collection of specialized career and education resources including books, periodicals, newspapers, pamphlets, forms and catalogs.","","89-11 Merrick Boulevard","JAMAICA","NY","11432","(718) 990-0746","http://www.queenslibrary.org","Mon - Fri: 9:00 AM - 6:00 PM","","","Computers, Early Childhood Discussions, English Classes, Poetry Readings, Senior Programs","","","","","",""
"Queens Library Cyber Center Library","Provides internet access, and electronic access to the resources of the Queens Borough Public Library.  Offers access to the InfoLinQ, WorldLinQ, licensed commercial or research databases, the Internet and general software such as Microsoft Office.","","89-11 Merrick Boulevard","JAMAICA","NY","11432","(718) 990-0778","http://www.queenslibrary.org","Mon - Fri: 9:00 AM - 8:45 PM; Sat: 10:00 AM - 5:15 PM; Sun: 12:00 PM - 4:45 PM","","","Computers","","","","","",""
"Queens Village Library","The Queens Public Library provides all residents of Queens with access to books, research, and other materials and programs.","","94-11 217th Street","QUEENS VILLAGE","NY","11428","(718) 776-6800","http://www.queenslibrary.org","Mon: 12:00 PM - 8:00 PM; Tue: 1:00 PM - 6:00 PM; Wed: 10:00 AM - 6:00 PM; Thu: 12:00 PM - 8:00 PM; Fri: 10:00 AM - 6:00 PM; Sat: 10:00 AM - 5:00 PM","","","Computers, Early Childhood Discussions, English Classes, Poetry Readings, Senior Programs","","","","","",""
"Queensboro Hill Library","The Queens Public Library provides all residents of Queens with access to books, research, and other materials and programs.","","60-05 Main Street","FLUSHING","NY","11355","(718) 359-8332","http://www.queenslibrary.org","Mon: 12:00 PM - 8:00 PM; Tue: 1:00 PM - 6:00 PM; Wed: 10:00 AM - 6:00 PM; Thu: 12:00 PM - 8:00 PM; Fri: 10:00 AM - 6:00 PM; Sat: 10:00 AM - 5:00 PM","","","Computers, Early Childhood Discussions, English Classes, Poetry Readings, Senior Programs","","","","","",""
"Red Hook Library","Red Hook branch of the Brooklyn Public Library system. ","","7 Wolcott Street","BROOKLYN","NY","11231","(718) 935-0203","http://www.brooklynpubliclibrary.org","Mon: 10:00 AM - 6:00 PM; Tue: 1:00 PM - 8:00 PM; Wed: 10:00 AM - 6:00 PM; Thu: 10:00 AM - 8:00 PM; Fri: 10:00 AM - 6:00 PM; Sat: 10:00 AM - 5:00 PM","","","Adult Literacy, Computers","","","","","",""
"Rego Park Library","The Queens Public Library provides all residents of Queens with access to books, research, and other materials and programs.","","91-41 63rd Drive","REGO PARK","NY","11374","(718) 459-5140","http://www.queenslibrary.org","Mon: 12:00 PM - 8:00 PM; Tue: 1:00 PM - 6:00 PM; Wed: 10:00 AM - 6:00 PM; Thu: 12:00 PM - 8:00 PM; Fri: 10:00 AM - 6:00 PM; Sat: 10:00 AM - 5:00 PM","","","Computers, Early Childhood Discussions, English Classes, Poetry Readings, Senior Programs","","","","","",""
"Richmond Hill Library","The Queens Public Library provides all residents of Queens with access to books, research, and other materials and programs.","","118-14 Hillside Avenue","RICHMOND HILL","NY","11418","(718) 849-7150","http://www.queenslibrary.org","Mon: 12:00 PM - 8:00 PM; Tue: 1:00 PM - 6:00 PM; Wed: 10:00 AM - 6:00 PM; Thu: 12:00 PM - 8:00 PM; Fri: 10:00 AM - 6:00 PM; Sat: 10:00 AM - 5:00 PM","","","Computers, Early Childhood Discussions, English Classes, Poetry Readings, Senior Programs","","","","","",""
"Richmondtown Library","Staten Island branch of the New York Public Library system.","","200 Clarke Avenue","STATEN ISLAND","NY","10306","(718) 668-0413","http://www.nypl.org","Mon: 12:00 PM - 8:00 PM; Tue - Thu: 10:00 AM - 6:00 PM; Fri - Sat: 10:00 AM - 5:00 PM","","","Computers, Early Childhood Discussions, Senior Programs","","","","","",""
"Ridgewood Library","The Queens Public Library provides all residents of Queens with access to books, research, and other materials and programs.","","20-12 Madison Street","RIDGEWOOD","NY","11385","(718) 821-4770","http://www.queenslibrary.org","Mon: 9:00 AM - 8:00 PM; Tue: 1:00 PM - 6:00 PM; Wed: 10:00 AM - 6:00 PM; Thu: 12:00 PM - 8:00 PM; Fri: 10:00 AM - 6:00 PM; Sat: 10:00 AM - 5:00 PM","","","Computers, Early Childhood Discussions, English Classes, Poetry Readings, Senior Programs","","","","","",""
"Riverdale Library","Bronx branch of the New York Public Library system.","","5540 Mosholu Avenue","BRONX","NY","10471","(718) 549-1212","http://www.nypl.org","Mon - Thu: 10:00 AM - 7:00 PM; Fri - Sat: 10:00 AM - 5:00 PM","","","Computers, Early Childhood Discussions, Senior Programs","","","","","",""
"Riverside Library","Manhattan branch of the New York Public Library system.","","127 Amsterdam Avenue","NEW YORK","NY","10023","(212) 870-1810","http://www.nypl.org","Mon: 11:00 AM - 7:00 PM; Tue: 10:00 AM - 6:00 PM; Wed: 11:00 AM - 7:00 PM; Thu: 10:00 AM - 6:00 PM; Fri - Sat: 10:00 AM - 5:00 PM","","","Early Childhood Discussions, Poetry Readings, Senior Programs","","","","","",""
"Rochdale Village Library","The Queens Public Library provides all residents of Queens with access to books, research, and other materials and programs.","","169-09 137th Avenue","JAMAICA","NY","11434","(718) 723-4440","http://www.queenslibrary.org","Mon: 9:00 AM - 8:00 PM; Tue: 1:00 PM - 6:00 PM; Wed: 10:00 AM - 6:00 PM; Thu: 1:00 PM - 8:00 PM; Fri: 10:00 AM - 6:00 PM; Sat: 10:00 AM - 5:00 PM","","","Adult Literacy, Computers, Early Childhood Discussions, English Classes, Poetry Readings, Senior Programs","","","","","",""
"Roosevelt Island Library","Manhattan branch of the New York Public Library system.","","524 Main Street","NEW YORK","NY","10044","(212) 308-6243","http://www.nypl.org","Mon: 10:00 AM - 8:00 PM; Tue: 10:00 AM - 6:00 PM; Wed: 10:00 AM - 8:00 PM; Thu: 10:00 AM - 6:00 PM; Fri - Sat: 10:00 AM - 5:00 PM","","","Early Childhood Discussions, Senior Programs","","","","","",""
"Rosedale Library","The Queens Public Library provides all residents of Queens with access to books, research, and other materials and programs.","","144-20 243rd Street","ROSEDALE","NY","11422","(718) 528-8490","http://www.queenslibrary.org","Mon: 12:00 PM - 8:00 PM; Tue: 1:00 PM - 6:00 PM; Wed: 10:00 AM - 6:00 PM; Thu: 12:00 PM - 8:00 PM; Fri: 10:00 AM - 6:00 PM; Sat: 10:00 AM - 5:00 PM","","","Computers, Early Childhood Discussions, English Classes, Poetry Readings, Senior Programs","","","","","",""
"Rugby Library","Rugby branch of the Brooklyn Public Library system.","","1000 Utica Avenue","BROOKLYN","NY","11203","(718) 566-0054","http://www.brooklynpubliclibrary.org","Mon: 10:00 AM - 6:00 PM; Tue: 10:00 AM - 8:00 PM; Wed: 1:00 PM - 8:00 PM; Thu - Fri: 10:00 AM - 6:00 PM; Sat: 10:00 AM - 5:00 PM ","","","Computers","","","","","",""
"Ryder Library","Ryder branch of the Brooklyn Public Library system.","","5902 23rd Avenue","BROOKLYN","NY","11204","(718) 331-2962","http://www.brooklynpubliclibrary.org","Mon: 10:00 AM - 6:00 PM; Tue: 10:00 AM - 8:00 PM; Wed: 10:00 AM - 6:00 PM; Thu: 10:00 AM - 8:00 PM; Fri: 10:00 AM - 6:00 PM","","","Computers, Early Childhood Discussions","","","","","",""
"Saratoga Library","Saratoga branch of the Brooklyn Public Library system.","","8 Thomas S Boyland Street","BROOKLYN","NY","11233","(718) 573-5224","http://www.brooklynpubliclibrary.org","Mon: 10:00 AM - 6:00 PM; Tue: 10:00 AM - 8:00 PM; Wed: 1:00 PM - 8:00 PM; Thu - Fri: 10:00 AM - 6:00 PM; Sat: 10:00 AM - 5:00 PM","","","Adult Literacy, Computers","","","","","",""
"Schomburg Center for Research Library","New York Public Library research library dedicated to collecting and preserving resources documenting the experiences of peoples of African descent throughout the world. ","","515 Malcolm X Boulevard","NEW YORK","NY","10037","(212) 491-2200","http://www.nypl.org","Tue - Thu: 12:00 PM - 8:00 PM; Fri - Sat: 10:00 AM - 6:00 PM","","","Computers, Poetry Readings, Senior Programs","","","","","",""
"Science Industry and Business Library","Manhattan - research collection of the New York Public Library system, specializing in science, industry and business.","","188 Madison Avenue","NEW YORK","NY","10016","(917) 275-6975","http://www.nypl.org","Mon: 11:00 AM - 6:00 PM; Tue - Thu: 10:00 AM - 8:00 PM; Fri - Sat: 10:00 AM - 6:00 PM","","","Computers","","","","","",""
"Seaside Library","The Queens Public Library provides all residents of Queens with access to books, research, and other materials and programs. ","","116-15 Rockaway Beach Boulevard","ROCKAWAY PARK","NY","11694","(718) 634-1876","http://www.queenslibrary.org","Mon: 12:00 PM - 8:00 PM; Tue: 1:00 PM - 6:00 PM; Wed: 10:00 AM - 6:00 PM; Thu: 12:00 PM - 8:00 PM; Fri: 10:00 AM - 6:00 PM; Sat: 10:00 AM - 5:00 PM","","","Computers, Early Childhood Discussions, English Classes, Poetry Readings, Senior Programs","","","","","",""
"Sedgwick - New York Public Library","Bronx branch of the New York Public Library system.","","1701 Martin Luther King Jr Boulevard","BRONX","NY","10453","(718) 731-2074","http://www.nypl.org","Mon - Thu: 10:00 AM - 7:00 PM; Thu: 11:00 AM - 7:00 PM; Fri - Sat: 10:00 AM - 5:00 PM","","","Early Childhood Discussions","","","","","",""
"Seward Park Library","Manhattan branch of the New York Public Library system.","","192 East Broadway","NEW YORK","NY","10002","(212) 477-6770","http://www.nypl.org","Mon: 11:00 AM - 8:00 PM; Tue: 10:00 AM - 8:00 PM; Wed: 10:00 AM - 7:00 PM; Thu: 10:00 AM - 8:00 PM; Fri - Sat: 10:00 AM - 5:00 PM","","","Early Childhood Discussions","","","","","",""
"Sheepshead Bay Library","Sheepshead Bay branch of the Brooklyn Public Library system. ","","2636 East 14th Street","BROOKLYN","NY","11235","(718) 368-1815","http://www.brooklynpubliclibrary.org","Mon - Tue: 10:00 AM - 6:00 PM; Wed: 10:00 AM - 8:00 PM; Thu: 1:00 PM - 8:00 PM; Fri: 10:00 AM - 6:00 PM; Sat: 10:00 AM - 5:00 PM","","","Computers","","","","","",""
"Soundview Library","Bronx branch of the New York Public Library system.","","660 Soundview Avenue","BRONX","NY","10473","(718) 589-0880","http://www.nypl.org","Mon - Thu: 10:00 AM - 7:00 PM; Fri - Sat: 10:00 AM - 5:00 PM","","","Early Childhood Discussions, English Classes","","","","","",""
"South Beach Library","Staten Island branch of the New York Public Library system. ","","21-25 Robin Road","STATEN ISLAND","NY","10305","(718) 816-5834","http://www.nypl.org","Mon - Wed: 10:00 AM - 7:00 PM; Thu: 12:00 PM - 7:00 PM; Fri - Sat: 10:00 AM - 5:00 PM","","","Early Childhood Discussions","","","","","",""
"South Hollis Library","The Queens Public Library provides all residents of Queens with access to books, research, and other materials and programs.","","204-01 Hollis Avenue","SAINT ALBANS","NY","11412","(718) 465-6779","http://www.queenslibrary.org","Mon: 12:00 PM - 8:00 PM; Tue: 1:00 PM - 6:00 PM; Wed: 10:00 AM - 6:00 PM; Thu: 12:00 PM - 8:00 PM; Fri: 10:00 AM - 6:00 PM; Sat: 10:00 AM - 5:00 PM","","","Computers, Early Childhood Discussions, English Classes, Poetry Readings, Senior Programs","","","","","",""
"South Jamaica Library","The Queens Public Library provides all residents of Queens with access to books, research, and other materials and programs.","","108-41 Guy R. Brewer Boulevard","JAMAICA","NY","11433","(718) 739-4088","http://www.queenslibrary.org","Mon: 12:00 PM - 8:00 PM; Tue: 1:00 PM - 6:00 PM; Wed: 10:00 AM - 6:00 PM; Thu: 12:00 PM - 8:00 PM; Fri: 10:00 AM - 6:00 PM; Sat: 10:00 AM - 5:00 PM","","","Computers, Early Childhood Discussions, English Classes, Poetry Readings, Senior Programs","","","","","",""
"South Ozone Park Library","The Queens Public Library provides all residents of Queens with access to books, research, and other materials and programs.","","128-16 Rockaway Boulevard","SOUTH OZONE PARK","NY","11420","(718) 529-1660","http://www.queenslibrary.org","Mon: 12:00 PM - 8:00 PM; Tue: 1:00 PM - 6:00 PM; Wed: 10:00 AM - 6:00 PM; Thu: 12:00 PM - 8:00 PM; Fri: 10:00 AM - 6:00 PM; Sat: 10:00 AM - 5:00 PM","","","Computers, Early Childhood Discussions, English Classes, Poetry Readings, Senior Programs","","","","","",""
"Spring Creek Library","Spring Creek branch of the Brooklyn Public Library system.","","12143 Flatlands Avenue","BROOKLYN","NY","11207","(718) 257-6571","http://www.brooklynpubliclibrary.org","Mon - Tue: 10:00 AM - 6:00 PM; Wed: 1:00 PM - 8:00 PM; Thu: 10:00 AM - 8:00 PM; Fri: 10:00 AM - 6:00 PM; Sat: 10:00 AM - 5:00 PM","","","Computers","","","","","",""
"Spuyten Duyvil Library","Bronx branch of the New York Public Library system.","","650 West 235th Street","BRONX","NY","10463","(718) 796-1202","http://www.nypl.org","Mon - Thu: 10:00 AM - 7:00 PM; Fri - Sat: 10:00 AM - 5:00 PM","","","Early Childhood Discussions","","","","","",""
"St. Agnes Center for Reading and Writing","Manhattan branch of the New York Public Library system.","","444 Amsterdam Avenue","NEW YORK","NY","10024","(212) 621-0614","http://www.nypl.org","Tue, Thu: 11:00 AM - 5:00 PM; Fri: 10:00 AM - 5:00 PM","","","Adult Literacy","","","","","",""
"St. Agnes Library","Manhattan branch of the New York Public Library system.","","444 Amsterdam Avenue","NEW YORK","NY","10024","(212) 621-0619","http://www.nypl.org","Mon: 11:00 AM - 6:00 PM; Tue: 11:00 AM - 7:00 PM; Wed: 11:00 AM - 6:00 PM; Thu: 12:00 PM - 7:00 PM; Fri - Sat: 10:00 AM - 5:00 PM","","","Adult Literacy, Computers, Early Childhood Discussions, Poetry Readings, Senior Programs","","","","","",""
"St. Albans Library","The Queens Public Library provides all residents of Queens with access to books, research, and other materials and programs.","","191-05 Linden Boulevard","SAINT ALBANS","NY","11412","(718) 528-8196","http://www.queenslibrary.org","Mon: 12:00 PM - 8:00 PM; Tue: 1:00 PM - 6:00 PM; Wed: 10:00 AM - 6:00 PM; Thu: 1:00 PM - 8:00 PM; Fri: 10:00 AM - 6:00 PM; Sat: 10:00 AM - 5:00 PM","","","Computers, Early Childhood Discussions, English Classes, Poetry Readings, Senior Programs","","","","","",""
"St. George Center for Reading and Writing Library","Staten Island branch of the New York Public Library system.","","5 Central Avenue","STATEN ISLAND","NY","10301","(718) 816-1025","http://www.nypl.org","Mon-Thu: 8:00 AM - 8:00 PM; Fri: 10:00 AM - 5:00 PM; Sat-Sun: 10:00 AM - 5:00 PM","","","Adult Literacy, Computers","","","","","",""
"St. George Library Center","Staten Island branch of the New York Public Library system.","","5 Central Avenue","STATEN ISLAND","NY","10301","(718) 442-8560","http://www.nypl.org","Mon - Thu: 8:00 AM - 8:00 PM; Fri - Sat: 10:00 AM - 5:00 PM","","","Adult Literacy, Computers, Early Childhood Discussions, English Classes, Senior Programs","","","","","",""
"Stapleton Library","Staten Island branch of the New York Public Library system.","","132 Canal Street","STATEN ISLAND","NY","10304","(718) 727-0427","http://www.nypl.org","Mon: 10:00 AM - 7:00 PM; Tue: 12:00 PM - 8:00 PM; Wed - Thu: 10:00 AM - 7:00 PM; Fri - Sat: 10:00 AM - 5:00 PM","","","Early Childhood Discussions","","","","","",""
"Steinway Library","The Queens Public Library provides all residents of Queens with access to books, research, and other materials and programs.","","21-45 31st Street","ASTORIA","NY","11105","(718) 728-1965","http://www.queenslibrary.org","Mon: 9:00 AM - 8:00 PM; Tue: 1:00 PM - 6:00 PM; Wed: 10:00 AM - 6:00 PM; Thu: 12:00 PM - 8:00 PM; Fri: 10:00 AM - 6:00 PM; Sat: 10:00 AM - 5:00 PM","","","Adult Literacy, Computers, Early Childhood Discussions, English Classes, Poetry Readings, Senior Programs","","","","","",""
"Stone Avenue Library","Stone Avenue branch of the Brooklyn Public Library system.","","581 Mother Gaston Boulevard","BROOKLYN","NY","11212","(718) 485-8347","http://www.brooklynpubliclibrary.org","Mon - Wed: 10:00 AM - 6:00 PM; Thu: 1:00 PM - 8:00 PM; Fri: 10:00 AM - 6:00 PM","","","Adult Literacy, Computers, Early Childhood Discussions","","","","","",""
"Sunnyside Library","The Queens Public Library provides all residents of Queens with access to books, research, and other materials and programs.","","43-06 Greenpoint Avenue","SUNNYSIDE","NY","11104","(718) 784-3033","http://www.queenslibrary.org","Mon: 9:00 AM - 8:00 PM; Tue: 1:00 PM - 6:00 PM; Wed: 10:00 AM - 6:00 PM; Thu: 12:00 PM - 8:00 PM; Fri: 10:00 AM - 6:00 PM; Sat: 10:00 AM - 5:00 PM","","","Computers, Early Childhood Discussions, English Classes, Poetry Readings, Senior Programs","","","","","",""
"Sunset Park Library","Sunset Park branch of the Brooklyn Public Library system.","","5108 4th Avenue","BROOKLYN","NY","11220","(718) 567-2806","http://www.brooklynpubliclibrary.org","Mon: 10:00 AM - 6:00 PM; Tue - Thu: 10:00 AM - 8:00 PM; Fri: 10:00 AM - 6:00 PM; Sat: 10:00 AM - 5:00 PM","","","Adult Literacy, Computers, Early Childhood Discussions","","","","","",""
"Terrence Cardinal Cooke-Cathedral Library","Manhattan branch of the New York Public Library system.","","560 Lexington Avenue","NEW YORK","NY","10022","(212) 752-3824","http://www.nypl.org","Mon - Thu: 10:00 AM - 6:00 PM; Fri: 10:00 AM - 5:00 PM","","","Computers","","","","","",""
"Throg's Neck Library","Bronx branch of the New York Public Library system.","","3025 Cross Bronx Expressway","BRONX","NY","10465","(718) 792-2612","http://www.nypl.org","Mon - Thu: 10:00 AM - 7:00 PM; Fri - Sat: 10:00 AM - 5:00 PM","","","Computers, Early Childhood Discussions","","","","","",""
"Todt Hill-Westerleigh Library","Staten Island branch of the New York Public Library system.","","2550 Victory Boulevard","STATEN ISLAND","NY","10314","(718) 494-1642","http://www.nypl.org","Mon: 10:00 AM - 7:00 PM; Tue: 11:00 PM - 8:00 PM; Wed - Thu: 10:00 AM - 7:00 PM; Fri - Sat: 10:00 AM - 5:00 PM; Sun: 1:00 PM - 5:00 PM","","","Computers, Early Childhood Discussions, English Classes, Senior Programs","","","","","",""
"Tompkins Square","Manhattan branch of the New York Public Library system. For general Library information please visit www.nypl.org","","331 East 10th Street","NEW YORK","NY","10009","(212) 228-4747","http://www.nypl.org","Mon: 12:00 PM - 7:00 PM; Tue: 11:00 AM - 6:00 PM; Wed: 12:00 PM - 7:00 PM; Thu: 11:00 AM - 6:00 PM; Fri - Sat: 10:00 AM - 5:00 PM","","","Adult Literacy, Early Childhood Discussions","","","","","",""
"Tottenville Library","Staten Island branch of the New York Public Library system.","","7430 Amboy Road","STATEN ISLAND","NY","10307","(718) 984-0945","http://www.nypl.org","Mon: 12:00 PM - 8:00 PM; Tue - Thu: 11:00 AM - 6:00 PM; Fri - Sat: 10:00 AM - 5:00 PM","","","Computers, Early Childhood Discussions, Senior Programs","","","","","",""
"Tremont Library","Bronx branch of the New York Public Library system.","","1866 Washington Avenue","BRONX","NY","10457","(718) 299-5177","http://www.nypl.org","Mon - Thu: 10:00 AM - 7:00 PM; Fri - Sat: 10:00 AM - 5:00 PM","","","Early Childhood Discussions","","","","","",""
"Ulmer Park Library","Ulmer Park branch of the Brooklyn Public Library system.","","2602 Bath Avenue","BROOKLYN","NY","11214","(718) 265-3443","http://www.brooklynpubliclibrary.org","Mon: 10:00 AM - 6:00 PM; Tue: 1:00 PM - 6:00 PM; Wed: 10:00 AM - 6:00 PM; Thu: 1:00 PM - 8:00 PM; Fri: 10:00 AM - 6:00 PM; Sat: 10:00 AM - 5:00 PM","","","Adult Literacy, Computers, Early Childhood Discussions","","","","","",""
"Van Cortlandt Library","Bronx branch of the New York Public Library system. ","","3874 Sedgwick Avenue","BRONX","NY","10463","(718) 543-5150","http://www.nypl.org","Mon - Thu: 10:00 AM - 7:00 PM; Fri - Sat: 10:00 AM - 5:00 PM","","","Early Childhood Discussions","","","","","",""
"Van Nest Library","Bronx branch of the New York Public Library system.","","2147 Barnes Avenue","BRONX","NY","10462","(718) 829-5864","http://www.nypl.org","Mon - Thu: 10:00 AM - 7:00 PM; Fri - Sat: 10:00 AM - 5:00 PM","","","Early Childhood Discussions, Senior Programs","","","","","",""
"Wakefield Center for Reading and Writing Library","Bronx branch of the New York Public Library system.","","4100 Lowerre Place","BRONX","NY","10466","(718) 994-8782","http://www.nypl.org","Mon, Wed: 11:30 AM - 8:30 PM","","","Adult Literacy, Early Childhood Discussions","","","","","",""
"Wakefield Library","Bronx branch of the New York Public Library system.","","4100 Lowerre Place","BRONX","NY","10466","(718) 652-4663","http://www.nypl.org","Mon - Thu: 10:00 AM - 7:00 PM; Fri - Sat: 10:00 AM - 5:00 PM","","","Adult Literacy, Computers, Early Childhood Discussions","","","","","",""
"Walt Whitman Library","Walt Whitman branch of the Brooklyn Public Library system.","","93 Saint Edwards Street","BROOKLYN","NY","11205","(718) 935-0244","http://www.brooklynpubliclibrary.org","Mon: 10:00 AM - 6:00 PM; Tue: 10:00 AM - 6:00 PM; Wed: 1:00 PM - 8:00 PM; Thu - Fri: 10:00 AM - 6:00 PM; Sat: 10:00 AM - 5:00 PM","","","Computers","","","","","",""
"Washington Heights Library","Manhattan branch of the New York Public Library system.","","1000 St. Nicholas Avenue","NEW YORK","NY","10032","(212) 923-6054","http://www.nypl.org","Closed for renovation.","","","Computers, Early Childhood Discussions, English Classes","","","","","",""
"Washington Irving Library","Washington Irving branch of the Brooklyn Public Library system.","","360 Irving Avenue","BROOKLYN","NY","11237","(718) 628-8378","http://www.brooklynpubliclibrary.org","Mon - Tue: 10:00 AM - 6:00 PM; Wed; 10:00 AM - 8:00 PM; Thu: 1:00 PM - 8:00 PM; Fri: 10:00 AM - 6:00 PM; Sat: 10:00 AM - 5:00 PM","","","Computers","","","","","",""
"Webster Library","Manhattan branch of the New York Public Library system.","","1465 York Avenue","NEW YORK","NY","10021","(212) 288-5049","http://www.nypl.org","Mon: 11:00 AM - 6:00 PM; Tue: 12:00 PM - 7:00 PM; Wed: 11:00 AM - 6:00 PM; Thu: 12:00 PM - 7:00 PM; Fri - Sat: 10:00 AM - 5:00 PM","","","Computers, Early Childhood Discussions, Senior Programs","","","","","",""
"West Farms Library","Bronx branch of the New York Public Library system.","","2085 Honeywell Avenue","BRONX","NY","10460","(718) 367-5376","http://www.nypl.org","Mon - Thu: 10:00 AM - 7:00 PM; Fri - Sat: 10:00 AM - 5:00 PM","","","Computers, Early Childhood Discussions","","","","","",""
"West New Brighton Library","Staten Island branch of the New York Public Library system. ","","976 Castleton Avenue","STATEN ISLAND","NY","10310","(718) 442-1416","http://www.nypl.org","Mon - Tue: 11:00 AM - 7:00 PM; Wed: 11:00 AM - 8:00 PM; Thu: 11:00 AM - 7:00 PM; Fri - Sat: 10:00 AM - 5:00 PM","","","Early Childhood Discussions","","","","","",""
"Westchester Square Library","Bronx branch of the New York Public Library system.","","2521 Glebe Avenue","BRONX","NY","10461","(718) 863-0436","http://www.nypl.org","Mon - Thu: 10:00 AM - 7:00 PM; Fri - Sat: 10:00 AM - 5:00 PM","","","Early Childhood Discussions, English Classes","","","","","",""
"Whitestone Library","The Queens Public Library provides all residents of Queens with access to books, research, and other materials and programs.","","151-10 14th Road","WHITESTONE","NY","11357","(718) 767-8010","http://www.queenslibrary.org","Mon: 12:00 PM - 8:00 PM; Tue: 1:00 PM - 6:00 PM; Wed: 10:00 AM - 6:00 PM; Thu: 12:00 PM - 8:00 PM; Fri: 10:00 AM - 6:00 PM; sAt: 10:00 AM - 5:00 PM","","","Computers, Early Childhood Discussions, English Classes, Poetry Readings, Senior Programs","","","","","",""
"Williamsburgh Learning Center Library","Williamsburgh Learning Center branch of the Brooklyn Public Library system.","","240 Division Avenue","BROOKLYN","NY","11211","(718) 302-3485","http://www.brooklynpubliclibrary.org","Mon: 10:00 AM - 6:00 PM; Tue: 1:00 PM - 8:00 PM; Wed - Thu: 1:00 PM - 6:00 PM; Fri: 10:00 AM - 6:00 PM; Sat - Sun: closed","","","Computers","","","","","",""
"Williamsburgh Library","Williamsburgh branch of the Brooklyn Public Library system.","","240 Division Avenue","BROOKLYN","NY","11211","(718) 302-3485","http://www.brooklynpubliclibrary.org","Mon: 10:00 AM - 6:00 PM; Tue: 1:00 PM - 8:00 PM; Wed: 10:00 AM - 6:00 PM; Thu: 10:00 AM - 8:00 PM; Fri: 10:00 AM - 6:00 PM; Sat: 10:00 AM - 5:00 PM","","","Computers","","","","","",""
"Windsor Park Library","The Queens Public Library provides all residents of Queens with access to books, research, and other materials and programs.","","79-50 Bell Boulevard","OAKLAND GARDENS","NY","11364","(718) 468-8300","http://www.queenslibrary.org","Mon: 12:00 PM - 8:00 PM; Tue: 1:00 PM - 6:00 PM; Wed: 10:00 AM - 6:00 PM; Thu: 12:00 PM - 8:00 PM; Fri: 10:00 AM - 6:00 PM; Sat: 10:00 AM - 5:00 PM","","","Computers, Early Childhood Discussions, English Classes, Poetry Readings, Senior Programs","","","","","",""
"Windsor Terrace Library","Windsor Terrace branch of the Brooklyn Public Library system.","","160 East 5th Street","BROOKLYN","NY","11218","(718) 686-9707","http://www.brooklynpubliclibrary.org","Mon - Tue: 10:00 AM - 6:00 PM; Wed: 1:00 PM - 8:00 PM; Thu; 10:00 AM - 8:00 PM; Fri: 10:00 AM - 6:00 PM; Sat: 10:00 AM - 5:00 PM","","","Computers","","","","","",""
"Woodhaven Library","The Queens Public Library provides all residents of Queens with access to books, research, and other materials and programs.","","85-41 Forest Parkway","WOODHAVEN","NY","11421","(718) 849-1010","http://www.queenslibrary.org","Mon: 12:00 PM - 8:00 PM; Tue: 1:00 PM - 6:00 PM; Wed: 10:00 AM - 6:00 PM; Thu: 12:00 PM - 8:00 PM; Fri: 10:00 AM - 6:00 PM; Sat: 10:00 AM - 5:00 PM","","","Computers, Early Childhood Discussions, English Classes, Poetry Readings, Senior Programs","","","","","",""
"Woodlawn Heights Library","Bronx branch of the New York Public Library system.","","4355 Katonah Avenue","BRONX","NY","10470","(718) 519-9627","http://www.nypl.org","Mon - Thu: 10:00 AM - 7:00 PM; Fri - Sat: 10:00 AM - 5:00 PM","","","Early Childhood Discussions","","","","","",""
"Woodlawn Library","Bronx branch of the New York Public Library system.","","4355 Katonah Avenue","BRONX","NY","10470","(718) 519-9627","http://www.nypl.org","Mon - Thu: 10:00 AM - 7:00 PM; Fri - Sat: 10:00 AM - 5:00 PM","","","Early Childhood Discussions","","","","","",""
"Woodside Library","The Queens Public Library provides all residents of Queens with access to books, research, and other materials and programs.","","54-22 Skillman Avenue","WOODSIDE","NY","11377","(718) 429-4700","http://www.queenslibrary.org","Mon: 12:00 PM - 8:00 PM; Tue: 1:00 PM - 6:00 PM; Wed: 10:00 AM - 6:00 PM; Thu: 1:00 PM - 8:00 PM; Fri: 10:00 AM - 6:00 PM; Sat: 10:00 AM - 5:00 PM","","","Computers, Early Childhood Discussions, English Classes, Poetry Readings, Senior Programs","","","","","",""
"Yorkville Library","Manhattan branch of the New York Public Library system.","","222 East 79th Street","NEW YORK","NY","10021","(212) 744-5824","http://www.nypl.org","Mon: 12:00 PM - 7:00 PM; Tue: 10:00 AM - 6:00 PM; Wed: 12:00 PM - 7:00 PM; Thu: 10:00 AM - 6:00 PM; Fri - Sat: 10:00 AM - 5:00 PM","","","Early Childhood Discussions","","","","","",""
